Date,Organization,HTTP count,FTP count
2021-11-26,Natural Resources Canada,19029,6484
2021-11-26,Statistics Canada,5505,0
2021-11-26,Canada Border Services Agency,92,0
2021-11-26,Health Canada,400,0
2021-11-26,Government of Yukon,10,0
2021-11-26,Environment and Climate Change Canada,2383,16
2021-11-26,"Innovation, Science and Economic Development Canada",145,0
2021-11-26,Government of Alberta,347,82
2021-11-26,Government of Ontario,259,0
2021-11-26,Government and Municipalities of Québec,472,536
2021-11-26,Public Health Agency of Canada,392,0
2021-11-26,Department of Justice Canada,1133,3
2021-11-26,Transportation Safety Board of Canada,322,0
2021-11-26,Employment and Social Development Canada,944,0
2021-11-26,Fisheries and Oceans Canada,216,8
2021-11-26,Treasury Board of Canada Secretariat,330,0
2021-11-26,Public Services and Procurement Canada,1303,0
2021-11-26,Library and Archives Canada,3,0
2021-11-26,Agriculture and Agri-Food Canada,18,0
2021-11-26,Office of the Auditor General of Canada,48,0
2021-11-26,Canadian Space Agency,315,74
2021-11-26,Transport Canada,8,0
2021-11-26,Veterans Affairs Canada,1786,0
2021-11-26,Government of British Columbia,23,14
2021-11-26,National Research Council Canada,26,0
2021-11-26,Financial Transactions and Reports Analysis Centre of Canada,2,0
2021-11-26,"Immigration, Refugees and Citizenship Canada",837,0
2021-11-26,Parole Board of Canada,114,0
2021-11-26,Canadian Food Inspection Agency,143,0
2021-11-26,Canadian Radio-television and Telecommunications Commission,2,0
2021-11-26,Global Affairs Canada,84,0
2021-11-26,Canada Revenue Agency,157,0
2021-11-26,Parks Canada,53,0
2021-11-26,Crown-Indigenous Relations and Northern Affairs Canada,31,0
2021-11-26,Department of Finance Canada,194,0
2021-11-26,Canadian Heritage,4,0
2021-11-26,Correctional Service of Canada,36,0
2021-11-26,Canada Energy Regulator,100,0
2021-11-26,Shared Services Canada,2,0
2021-11-26,Government of New Brunswick,20,0
2021-11-26,Public Service Commission of Canada,7,0
2021-11-26,National Film Board,53,0
2021-11-26,Canadian Grain Commission,2,0
2021-11-26,Elections Canada,32,0
2021-11-26,National Defence,23,0
2021-11-26,Western Economic Diversification Canada,5,0
2021-11-26,Canada Mortgage and Housing Corporation,5,0
2021-11-26,Privy Council Office,4,0
2021-11-26,Natural Sciences and Engineering Research Council of Canada,87,0
2021-11-26,Public Safety Canada,8,0
2021-11-26,Defence Research and Development Canada,1,0
2021-11-26,Federal Economic Development Agency for Southern Ontario,8,0
2021-11-26,Canadian Nuclear Safety Commission,4,0
2021-11-26,Canada Council for the Arts,1,0
2021-11-26,Canada Science and Technology Museum,9,0
2021-11-26,Social Sciences and Humanities Research Council of Canada,64,0
2021-11-26,Canada School of Public Service,10,0
2021-11-26,Courts Administration Service,2,0
2021-11-26,Atlantic Canada Opportunities Agency,5,0
2021-11-26,Canadian Intergovernmental Conference Secretariat,3,0
2021-11-26,International Development Research Centre,2,0
2021-11-26,Canadian Transportation Agency,2,0
2021-11-26,Royal Canadian Mounted Police,4,0
2021-11-26,Canadian Institute of Health Information,12,0
2021-11-26,Infrastructure Canada,11,0
2021-11-26,Status of Women Canada,4,0
2021-11-26,Library of Parliament,4,0
2021-11-27,Natural Resources Canada,19007,6484
2021-11-27,Public Health Agency of Canada,392,0
2021-11-27,Statistics Canada,5418,0
2021-11-27,Canada Border Services Agency,92,0
2021-11-27,Health Canada,395,0
2021-11-27,Government of Yukon,10,0
2021-11-27,Environment and Climate Change Canada,2383,16
2021-11-27,"Innovation, Science and Economic Development Canada",145,0
2021-11-27,Government of Alberta,347,82
2021-11-27,Government of Ontario,259,0
2021-11-27,Government and Municipalities of Québec,398,528
2021-11-27,Department of Justice Canada,1132,3
2021-11-27,Transportation Safety Board of Canada,323,0
2021-11-27,Employment and Social Development Canada,944,0
2021-11-27,Fisheries and Oceans Canada,216,8
2021-11-27,Treasury Board of Canada Secretariat,330,0
2021-11-27,Public Services and Procurement Canada,95,0
2021-11-27,Library and Archives Canada,3,0
2021-11-27,Agriculture and Agri-Food Canada,20,0
2021-11-27,Office of the Auditor General of Canada,48,0
2021-11-27,Canadian Space Agency,315,56
2021-11-27,Transport Canada,8,0
2021-11-27,Veterans Affairs Canada,1786,0
2021-11-27,Government of British Columbia,23,14
2021-11-27,National Research Council Canada,26,0
2021-11-27,Financial Transactions and Reports Analysis Centre of Canada,2,0
2021-11-27,"Immigration, Refugees and Citizenship Canada",837,0
2021-11-27,Parole Board of Canada,114,0
2021-11-27,Canadian Food Inspection Agency,143,0
2021-11-27,Canadian Radio-television and Telecommunications Commission,2,0
2021-11-27,Global Affairs Canada,84,0
2021-11-27,Canada Revenue Agency,157,0
2021-11-27,Parks Canada,53,0
2021-11-27,Crown-Indigenous Relations and Northern Affairs Canada,31,0
2021-11-27,Department of Finance Canada,194,0
2021-11-27,Canadian Heritage,4,0
2021-11-27,Correctional Service of Canada,36,0
2021-11-27,Canada Energy Regulator,94,0
2021-11-27,Shared Services Canada,2,0
2021-11-27,Government of New Brunswick,20,0
2021-11-27,Public Service Commission of Canada,7,0
2021-11-27,National Film Board,53,0
2021-11-27,Canadian Grain Commission,2,0
2021-11-27,Elections Canada,32,0
2021-11-27,National Defence,19,0
2021-11-27,Western Economic Diversification Canada,5,0
2021-11-27,Canada Mortgage and Housing Corporation,5,0
2021-11-27,Privy Council Office,4,0
2021-11-27,Natural Sciences and Engineering Research Council of Canada,87,0
2021-11-27,Public Safety Canada,8,0
2021-11-27,Defence Research and Development Canada,1,0
2021-11-27,Federal Economic Development Agency for Southern Ontario,8,0
2021-11-27,Canadian Nuclear Safety Commission,4,0
2021-11-27,Canada Council for the Arts,1,0
2021-11-27,Canada Science and Technology Museum,9,0
2021-11-27,Social Sciences and Humanities Research Council of Canada,67,0
2021-11-27,Canada School of Public Service,10,0
2021-11-27,Courts Administration Service,2,0
2021-11-27,Atlantic Canada Opportunities Agency,5,0
2021-11-27,Canadian Intergovernmental Conference Secretariat,3,0
2021-11-27,International Development Research Centre,2,0
2021-11-27,Canadian Transportation Agency,2,0
2021-11-27,Royal Canadian Mounted Police,4,0
2021-11-27,Canadian Institute of Health Information,12,0
2021-11-27,Infrastructure Canada,11,0
2021-11-27,Status of Women Canada,4,0
2021-11-27,Library of Parliament,4,0
2021-11-28,Natural Resources Canada,19007,6484
2021-11-28,Public Health Agency of Canada,392,0
2021-11-28,Statistics Canada,5418,0
2021-11-28,Canada Border Services Agency,92,0
2021-11-28,Health Canada,395,0
2021-11-28,Government of Yukon,10,0
2021-11-28,Environment and Climate Change Canada,2383,16
2021-11-28,"Innovation, Science and Economic Development Canada",145,0
2021-11-28,Government of Alberta,347,82
2021-11-28,Government of Ontario,259,0
2021-11-28,Government and Municipalities of Québec,398,528
2021-11-28,Department of Justice Canada,1132,3
2021-11-28,Transportation Safety Board of Canada,323,0
2021-11-28,Employment and Social Development Canada,944,0
2021-11-28,Fisheries and Oceans Canada,216,8
2021-11-28,Treasury Board of Canada Secretariat,330,0
2021-11-28,Public Services and Procurement Canada,95,0
2021-11-28,Library and Archives Canada,3,0
2021-11-28,Agriculture and Agri-Food Canada,20,0
2021-11-28,Office of the Auditor General of Canada,48,0
2021-11-28,Canadian Space Agency,315,56
2021-11-28,Transport Canada,8,0
2021-11-28,Veterans Affairs Canada,1786,0
2021-11-28,Government of British Columbia,23,14
2021-11-28,National Research Council Canada,26,0
2021-11-28,Financial Transactions and Reports Analysis Centre of Canada,2,0
2021-11-28,"Immigration, Refugees and Citizenship Canada",837,0
2021-11-28,Parole Board of Canada,114,0
2021-11-28,Canadian Food Inspection Agency,143,0
2021-11-28,Canadian Radio-television and Telecommunications Commission,2,0
2021-11-28,Global Affairs Canada,84,0
2021-11-28,Canada Revenue Agency,157,0
2021-11-28,Parks Canada,53,0
2021-11-28,Crown-Indigenous Relations and Northern Affairs Canada,31,0
2021-11-28,Department of Finance Canada,194,0
2021-11-28,Canadian Heritage,4,0
2021-11-28,Correctional Service of Canada,36,0
2021-11-28,Canada Energy Regulator,94,0
2021-11-28,Shared Services Canada,2,0
2021-11-28,Government of New Brunswick,20,0
2021-11-28,Public Service Commission of Canada,7,0
2021-11-28,National Film Board,53,0
2021-11-28,Canadian Grain Commission,2,0
2021-11-28,Elections Canada,32,0
2021-11-28,National Defence,19,0
2021-11-28,Western Economic Diversification Canada,5,0
2021-11-28,Canada Mortgage and Housing Corporation,5,0
2021-11-28,Privy Council Office,4,0
2021-11-28,Natural Sciences and Engineering Research Council of Canada,87,0
2021-11-28,Public Safety Canada,8,0
2021-11-28,Defence Research and Development Canada,1,0
2021-11-28,Federal Economic Development Agency for Southern Ontario,8,0
2021-11-28,Canadian Nuclear Safety Commission,4,0
2021-11-28,Canada Council for the Arts,1,0
2021-11-28,Canada Science and Technology Museum,9,0
2021-11-28,Social Sciences and Humanities Research Council of Canada,67,0
2021-11-28,Canada School of Public Service,10,0
2021-11-28,Courts Administration Service,2,0
2021-11-28,Atlantic Canada Opportunities Agency,5,0
2021-11-28,Canadian Intergovernmental Conference Secretariat,3,0
2021-11-28,International Development Research Centre,2,0
2021-11-28,Canadian Transportation Agency,2,0
2021-11-28,Royal Canadian Mounted Police,4,0
2021-11-28,Canadian Institute of Health Information,12,0
2021-11-28,Infrastructure Canada,11,0
2021-11-28,Status of Women Canada,4,0
2021-11-28,Library of Parliament,4,0
2021-11-29,Natural Resources Canada,19007,6484
2021-11-29,Public Health Agency of Canada,392,0
2021-11-29,Statistics Canada,5418,0
2021-11-29,Canada Border Services Agency,92,0
2021-11-29,Health Canada,395,0
2021-11-29,Government of Yukon,10,0
2021-11-29,Environment and Climate Change Canada,2383,16
2021-11-29,"Innovation, Science and Economic Development Canada",145,0
2021-11-29,Government of Alberta,347,82
2021-11-29,Government of Ontario,259,0
2021-11-29,Government and Municipalities of Québec,398,528
2021-11-29,Department of Justice Canada,1132,3
2021-11-29,Transportation Safety Board of Canada,323,0
2021-11-29,Employment and Social Development Canada,944,0
2021-11-29,Fisheries and Oceans Canada,216,8
2021-11-29,Treasury Board of Canada Secretariat,330,0
2021-11-29,Public Services and Procurement Canada,95,0
2021-11-29,Library and Archives Canada,3,0
2021-11-29,Agriculture and Agri-Food Canada,20,0
2021-11-29,Office of the Auditor General of Canada,48,0
2021-11-29,Canadian Space Agency,315,56
2021-11-29,Transport Canada,8,0
2021-11-29,Veterans Affairs Canada,1786,0
2021-11-29,Government of British Columbia,23,14
2021-11-29,National Research Council Canada,26,0
2021-11-29,Financial Transactions and Reports Analysis Centre of Canada,2,0
2021-11-29,"Immigration, Refugees and Citizenship Canada",837,0
2021-11-29,Parole Board of Canada,114,0
2021-11-29,Canadian Food Inspection Agency,143,0
2021-11-29,Canadian Radio-television and Telecommunications Commission,2,0
2021-11-29,Global Affairs Canada,84,0
2021-11-29,Canada Revenue Agency,157,0
2021-11-29,Parks Canada,53,0
2021-11-29,Crown-Indigenous Relations and Northern Affairs Canada,31,0
2021-11-29,Department of Finance Canada,194,0
2021-11-29,Canadian Heritage,4,0
2021-11-29,Correctional Service of Canada,36,0
2021-11-29,Canada Energy Regulator,94,0
2021-11-29,Shared Services Canada,2,0
2021-11-29,Government of New Brunswick,20,0
2021-11-29,Public Service Commission of Canada,7,0
2021-11-29,National Film Board,53,0
2021-11-29,Canadian Grain Commission,2,0
2021-11-29,Elections Canada,32,0
2021-11-29,National Defence,19,0
2021-11-29,Western Economic Diversification Canada,5,0
2021-11-29,Canada Mortgage and Housing Corporation,5,0
2021-11-29,Privy Council Office,4,0
2021-11-29,Natural Sciences and Engineering Research Council of Canada,87,0
2021-11-29,Public Safety Canada,8,0
2021-11-29,Defence Research and Development Canada,1,0
2021-11-29,Federal Economic Development Agency for Southern Ontario,8,0
2021-11-29,Canadian Nuclear Safety Commission,4,0
2021-11-29,Canada Council for the Arts,1,0
2021-11-29,Canada Science and Technology Museum,9,0
2021-11-29,Social Sciences and Humanities Research Council of Canada,67,0
2021-11-29,Canada School of Public Service,10,0
2021-11-29,Courts Administration Service,2,0
2021-11-29,Atlantic Canada Opportunities Agency,5,0
2021-11-29,Canadian Intergovernmental Conference Secretariat,3,0
2021-11-29,International Development Research Centre,2,0
2021-11-29,Canadian Transportation Agency,2,0
2021-11-29,Royal Canadian Mounted Police,4,0
2021-11-29,Canadian Institute of Health Information,12,0
2021-11-29,Infrastructure Canada,11,0
2021-11-29,Status of Women Canada,4,0
2021-11-29,Library of Parliament,4,0
2021-11-30,Natural Resources Canada,19007,6484
2021-11-30,Public Health Agency of Canada,392,0
2021-11-30,Statistics Canada,5418,0
2021-11-30,Canada Border Services Agency,92,0
2021-11-30,Health Canada,395,0
2021-11-30,Government of Yukon,10,0
2021-11-30,Environment and Climate Change Canada,2383,16
2021-11-30,"Innovation, Science and Economic Development Canada",145,0
2021-11-30,Government of Alberta,347,82
2021-11-30,Government of Ontario,259,0
2021-11-30,Government and Municipalities of Québec,398,528
2021-11-30,Department of Justice Canada,1132,3
2021-11-30,Transportation Safety Board of Canada,323,0
2021-11-30,Employment and Social Development Canada,944,0
2021-11-30,Fisheries and Oceans Canada,216,8
2021-11-30,Treasury Board of Canada Secretariat,330,0
2021-11-30,Public Services and Procurement Canada,95,0
2021-11-30,Library and Archives Canada,3,0
2021-11-30,Agriculture and Agri-Food Canada,20,0
2021-11-30,Office of the Auditor General of Canada,48,0
2021-11-30,Canadian Space Agency,315,56
2021-11-30,Transport Canada,8,0
2021-11-30,Veterans Affairs Canada,1786,0
2021-11-30,Government of British Columbia,23,14
2021-11-30,National Research Council Canada,26,0
2021-11-30,Financial Transactions and Reports Analysis Centre of Canada,2,0
2021-11-30,"Immigration, Refugees and Citizenship Canada",837,0
2021-11-30,Parole Board of Canada,114,0
2021-11-30,Canadian Food Inspection Agency,143,0
2021-11-30,Canadian Radio-television and Telecommunications Commission,2,0
2021-11-30,Global Affairs Canada,84,0
2021-11-30,Canada Revenue Agency,157,0
2021-11-30,Parks Canada,53,0
2021-11-30,Crown-Indigenous Relations and Northern Affairs Canada,31,0
2021-11-30,Department of Finance Canada,194,0
2021-11-30,Canadian Heritage,4,0
2021-11-30,Correctional Service of Canada,36,0
2021-11-30,Canada Energy Regulator,94,0
2021-11-30,Shared Services Canada,2,0
2021-11-30,Government of New Brunswick,20,0
2021-11-30,Public Service Commission of Canada,7,0
2021-11-30,National Film Board,53,0
2021-11-30,Canadian Grain Commission,2,0
2021-11-30,Elections Canada,32,0
2021-11-30,National Defence,19,0
2021-11-30,Western Economic Diversification Canada,5,0
2021-11-30,Canada Mortgage and Housing Corporation,5,0
2021-11-30,Privy Council Office,4,0
2021-11-30,Natural Sciences and Engineering Research Council of Canada,87,0
2021-11-30,Public Safety Canada,8,0
2021-11-30,Defence Research and Development Canada,1,0
2021-11-30,Federal Economic Development Agency for Southern Ontario,8,0
2021-11-30,Canadian Nuclear Safety Commission,4,0
2021-11-30,Canada Council for the Arts,1,0
2021-11-30,Canada Science and Technology Museum,9,0
2021-11-30,Social Sciences and Humanities Research Council of Canada,67,0
2021-11-30,Canada School of Public Service,10,0
2021-11-30,Courts Administration Service,2,0
2021-11-30,Atlantic Canada Opportunities Agency,5,0
2021-11-30,Canadian Intergovernmental Conference Secretariat,3,0
2021-11-30,International Development Research Centre,2,0
2021-11-30,Canadian Transportation Agency,2,0
2021-11-30,Royal Canadian Mounted Police,4,0
2021-11-30,Canadian Institute of Health Information,12,0
2021-11-30,Infrastructure Canada,11,0
2021-11-30,Status of Women Canada,4,0
2021-11-30,Library of Parliament,4,0
2021-12-01,Natural Resources Canada,19007,6484
2021-12-01,Public Health Agency of Canada,392,0
2021-12-01,Statistics Canada,5418,0
2021-12-01,Canada Border Services Agency,92,0
2021-12-01,Health Canada,395,0
2021-12-01,Government of Yukon,10,0
2021-12-01,Environment and Climate Change Canada,2383,16
2021-12-01,"Innovation, Science and Economic Development Canada",145,0
2021-12-01,Government of Alberta,347,82
2021-12-01,Government of Ontario,259,0
2021-12-01,Government and Municipalities of Québec,398,528
2021-12-01,Department of Justice Canada,1132,3
2021-12-01,Transportation Safety Board of Canada,323,0
2021-12-01,Employment and Social Development Canada,944,0
2021-12-01,Fisheries and Oceans Canada,216,8
2021-12-01,Treasury Board of Canada Secretariat,330,0
2021-12-01,Public Services and Procurement Canada,95,0
2021-12-01,Library and Archives Canada,3,0
2021-12-01,Agriculture and Agri-Food Canada,20,0
2021-12-01,Office of the Auditor General of Canada,48,0
2021-12-01,Canadian Space Agency,315,56
2021-12-01,Transport Canada,8,0
2021-12-01,Veterans Affairs Canada,1786,0
2021-12-01,Government of British Columbia,23,14
2021-12-01,National Research Council Canada,26,0
2021-12-01,Financial Transactions and Reports Analysis Centre of Canada,2,0
2021-12-01,"Immigration, Refugees and Citizenship Canada",837,0
2021-12-01,Parole Board of Canada,114,0
2021-12-01,Canadian Food Inspection Agency,143,0
2021-12-01,Canadian Radio-television and Telecommunications Commission,2,0
2021-12-01,Global Affairs Canada,84,0
2021-12-01,Canada Revenue Agency,157,0
2021-12-01,Parks Canada,53,0
2021-12-01,Crown-Indigenous Relations and Northern Affairs Canada,31,0
2021-12-01,Department of Finance Canada,194,0
2021-12-01,Canadian Heritage,4,0
2021-12-01,Correctional Service of Canada,36,0
2021-12-01,Canada Energy Regulator,94,0
2021-12-01,Shared Services Canada,2,0
2021-12-01,Government of New Brunswick,20,0
2021-12-01,Public Service Commission of Canada,7,0
2021-12-01,National Film Board,53,0
2021-12-01,Canadian Grain Commission,2,0
2021-12-01,Elections Canada,32,0
2021-12-01,National Defence,19,0
2021-12-01,Western Economic Diversification Canada,5,0
2021-12-01,Canada Mortgage and Housing Corporation,5,0
2021-12-01,Privy Council Office,4,0
2021-12-01,Natural Sciences and Engineering Research Council of Canada,87,0
2021-12-01,Public Safety Canada,8,0
2021-12-01,Defence Research and Development Canada,1,0
2021-12-01,Federal Economic Development Agency for Southern Ontario,8,0
2021-12-01,Canadian Nuclear Safety Commission,4,0
2021-12-01,Canada Council for the Arts,1,0
2021-12-01,Canada Science and Technology Museum,9,0
2021-12-01,Social Sciences and Humanities Research Council of Canada,70,0
2021-12-01,Canada School of Public Service,10,0
2021-12-01,Courts Administration Service,2,0
2021-12-01,Atlantic Canada Opportunities Agency,5,0
2021-12-01,Canadian Intergovernmental Conference Secretariat,3,0
2021-12-01,International Development Research Centre,2,0
2021-12-01,Canadian Transportation Agency,2,0
2021-12-01,Royal Canadian Mounted Police,4,0
2021-12-01,Canadian Institute of Health Information,12,0
2021-12-01,Infrastructure Canada,11,0
2021-12-01,Status of Women Canada,4,0
2021-12-01,Library of Parliament,4,0
2021-12-02,Natural Resources Canada,19007,6484
2021-12-02,Public Health Agency of Canada,392,0
2021-12-02,Statistics Canada,5418,0
2021-12-02,Canada Border Services Agency,92,0
2021-12-02,Health Canada,395,0
2021-12-02,Government of Yukon,10,0
2021-12-02,Environment and Climate Change Canada,2383,16
2021-12-02,"Innovation, Science and Economic Development Canada",145,0
2021-12-02,Government of Alberta,347,82
2021-12-02,Government of Ontario,259,0
2021-12-02,Government and Municipalities of Québec,398,528
2021-12-02,Department of Justice Canada,1132,3
2021-12-02,Transportation Safety Board of Canada,323,0
2021-12-02,Employment and Social Development Canada,944,0
2021-12-02,Fisheries and Oceans Canada,216,8
2021-12-02,Treasury Board of Canada Secretariat,330,0
2021-12-02,Public Services and Procurement Canada,95,0
2021-12-02,Library and Archives Canada,3,0
2021-12-02,Agriculture and Agri-Food Canada,20,0
2021-12-02,Office of the Auditor General of Canada,48,0
2021-12-02,Canadian Space Agency,315,56
2021-12-02,Transport Canada,8,0
2021-12-02,Veterans Affairs Canada,1786,0
2021-12-02,Government of British Columbia,23,14
2021-12-02,National Research Council Canada,26,0
2021-12-02,Financial Transactions and Reports Analysis Centre of Canada,2,0
2021-12-02,"Immigration, Refugees and Citizenship Canada",837,0
2021-12-02,Parole Board of Canada,114,0
2021-12-02,Canadian Food Inspection Agency,143,0
2021-12-02,Canadian Radio-television and Telecommunications Commission,2,0
2021-12-02,Global Affairs Canada,84,0
2021-12-02,Canada Revenue Agency,157,0
2021-12-02,Parks Canada,53,0
2021-12-02,Crown-Indigenous Relations and Northern Affairs Canada,31,0
2021-12-02,Department of Finance Canada,194,0
2021-12-02,Canadian Heritage,4,0
2021-12-02,Correctional Service of Canada,36,0
2021-12-02,Canada Energy Regulator,94,0
2021-12-02,Shared Services Canada,2,0
2021-12-02,Government of New Brunswick,20,0
2021-12-02,Public Service Commission of Canada,7,0
2021-12-02,National Film Board,53,0
2021-12-02,Canadian Grain Commission,2,0
2021-12-02,Elections Canada,32,0
2021-12-02,National Defence,19,0
2021-12-02,Western Economic Diversification Canada,5,0
2021-12-02,Canada Mortgage and Housing Corporation,5,0
2021-12-02,Privy Council Office,4,0
2021-12-02,Natural Sciences and Engineering Research Council of Canada,87,0
2021-12-02,Public Safety Canada,8,0
2021-12-02,Defence Research and Development Canada,1,0
2021-12-02,Federal Economic Development Agency for Southern Ontario,8,0
2021-12-02,Canadian Nuclear Safety Commission,4,0
2021-12-02,Canada Council for the Arts,1,0
2021-12-02,Canada Science and Technology Museum,9,0
2021-12-02,Social Sciences and Humanities Research Council of Canada,70,0
2021-12-02,Canada School of Public Service,10,0
2021-12-02,Courts Administration Service,2,0
2021-12-02,Atlantic Canada Opportunities Agency,5,0
2021-12-02,Canadian Intergovernmental Conference Secretariat,3,0
2021-12-02,International Development Research Centre,2,0
2021-12-02,Canadian Transportation Agency,2,0
2021-12-02,Royal Canadian Mounted Police,4,0
2021-12-02,Canadian Institute of Health Information,12,0
2021-12-02,Infrastructure Canada,11,0
2021-12-02,Status of Women Canada,4,0
2021-12-02,Library of Parliament,4,0
2021-12-03,Natural Resources Canada,19007,6484
2021-12-03,Public Health Agency of Canada,392,0
2021-12-03,Statistics Canada,5418,0
2021-12-03,Canada Border Services Agency,92,0
2021-12-03,Health Canada,395,0
2021-12-03,Government of Yukon,10,0
2021-12-03,Environment and Climate Change Canada,2383,16
2021-12-03,"Innovation, Science and Economic Development Canada",145,0
2021-12-03,Government of Alberta,347,82
2021-12-03,Government of Ontario,259,0
2021-12-03,Government and Municipalities of Québec,398,528
2021-12-03,Department of Justice Canada,1132,3
2021-12-03,Transportation Safety Board of Canada,323,0
2021-12-03,Employment and Social Development Canada,944,0
2021-12-03,Fisheries and Oceans Canada,216,8
2021-12-03,Treasury Board of Canada Secretariat,330,0
2021-12-03,Public Services and Procurement Canada,95,0
2021-12-03,Library and Archives Canada,3,0
2021-12-03,Agriculture and Agri-Food Canada,20,0
2021-12-03,Office of the Auditor General of Canada,48,0
2021-12-03,Canadian Space Agency,315,56
2021-12-03,Transport Canada,8,0
2021-12-03,Veterans Affairs Canada,1786,0
2021-12-03,Government of British Columbia,23,14
2021-12-03,National Research Council Canada,26,0
2021-12-03,Financial Transactions and Reports Analysis Centre of Canada,2,0
2021-12-03,"Immigration, Refugees and Citizenship Canada",837,0
2021-12-03,Parole Board of Canada,114,0
2021-12-03,Canadian Food Inspection Agency,140,0
2021-12-03,Canadian Radio-television and Telecommunications Commission,2,0
2021-12-03,Global Affairs Canada,84,0
2021-12-03,Canada Revenue Agency,157,0
2021-12-03,Parks Canada,53,0
2021-12-03,Crown-Indigenous Relations and Northern Affairs Canada,31,0
2021-12-03,Department of Finance Canada,194,0
2021-12-03,Canadian Heritage,4,0
2021-12-03,Correctional Service of Canada,36,0
2021-12-03,Canada Energy Regulator,94,0
2021-12-03,Shared Services Canada,2,0
2021-12-03,Government of New Brunswick,20,0
2021-12-03,Public Service Commission of Canada,7,0
2021-12-03,National Film Board,53,0
2021-12-03,Canadian Grain Commission,2,0
2021-12-03,Elections Canada,32,0
2021-12-03,National Defence,19,0
2021-12-03,Western Economic Diversification Canada,5,0
2021-12-03,Canada Mortgage and Housing Corporation,5,0
2021-12-03,Privy Council Office,4,0
2021-12-03,Natural Sciences and Engineering Research Council of Canada,87,0
2021-12-03,Public Safety Canada,8,0
2021-12-03,Defence Research and Development Canada,1,0
2021-12-03,Federal Economic Development Agency for Southern Ontario,8,0
2021-12-03,Canadian Nuclear Safety Commission,4,0
2021-12-03,Canada Council for the Arts,1,0
2021-12-03,Canada Science and Technology Museum,9,0
2021-12-03,Social Sciences and Humanities Research Council of Canada,70,0
2021-12-03,Canada School of Public Service,10,0
2021-12-03,Courts Administration Service,2,0
2021-12-03,Atlantic Canada Opportunities Agency,5,0
2021-12-03,Canadian Intergovernmental Conference Secretariat,3,0
2021-12-03,International Development Research Centre,2,0
2021-12-03,Canadian Transportation Agency,2,0
2021-12-03,Royal Canadian Mounted Police,4,0
2021-12-03,Canadian Institute of Health Information,12,0
2021-12-03,Infrastructure Canada,11,0
2021-12-03,Status of Women Canada,4,0
2021-12-03,Library of Parliament,4,0
2021-12-04,Natural Resources Canada,18861,6484
2021-12-04,Public Health Agency of Canada,392,0
2021-12-04,Statistics Canada,5418,0
2021-12-04,Canada Border Services Agency,92,0
2021-12-04,Health Canada,395,0
2021-12-04,Government of Yukon,10,0
2021-12-04,Environment and Climate Change Canada,2383,16
2021-12-04,"Innovation, Science and Economic Development Canada",145,0
2021-12-04,Government of Alberta,347,82
2021-12-04,Government of Ontario,259,0
2021-12-04,Government and Municipalities of Québec,398,528
2021-12-04,Department of Justice Canada,1132,3
2021-12-04,Transportation Safety Board of Canada,323,0
2021-12-04,Employment and Social Development Canada,944,0
2021-12-04,Fisheries and Oceans Canada,216,8
2021-12-04,Treasury Board of Canada Secretariat,330,0
2021-12-04,Public Services and Procurement Canada,95,0
2021-12-04,Library and Archives Canada,3,0
2021-12-04,Agriculture and Agri-Food Canada,20,0
2021-12-04,Office of the Auditor General of Canada,48,0
2021-12-04,Canadian Space Agency,315,56
2021-12-04,Transport Canada,8,0
2021-12-04,Veterans Affairs Canada,1786,0
2021-12-04,Government of British Columbia,23,14
2021-12-04,National Research Council Canada,26,0
2021-12-04,Financial Transactions and Reports Analysis Centre of Canada,2,0
2021-12-04,"Immigration, Refugees and Citizenship Canada",837,0
2021-12-04,Parole Board of Canada,114,0
2021-12-04,Canadian Food Inspection Agency,140,0
2021-12-04,Canadian Radio-television and Telecommunications Commission,2,0
2021-12-04,Global Affairs Canada,84,0
2021-12-04,Canada Revenue Agency,157,0
2021-12-04,Parks Canada,53,0
2021-12-04,Crown-Indigenous Relations and Northern Affairs Canada,31,0
2021-12-04,Department of Finance Canada,194,0
2021-12-04,Canadian Heritage,4,0
2021-12-04,Correctional Service of Canada,36,0
2021-12-04,Canada Energy Regulator,94,0
2021-12-04,Shared Services Canada,2,0
2021-12-04,Government of New Brunswick,20,0
2021-12-04,Public Service Commission of Canada,7,0
2021-12-04,National Film Board,53,0
2021-12-04,Canadian Grain Commission,2,0
2021-12-04,Elections Canada,32,0
2021-12-04,National Defence,19,0
2021-12-04,Western Economic Diversification Canada,5,0
2021-12-04,Canada Mortgage and Housing Corporation,5,0
2021-12-04,Privy Council Office,4,0
2021-12-04,Natural Sciences and Engineering Research Council of Canada,87,0
2021-12-04,Public Safety Canada,8,0
2021-12-04,Defence Research and Development Canada,1,0
2021-12-04,Federal Economic Development Agency for Southern Ontario,8,0
2021-12-04,Canadian Nuclear Safety Commission,4,0
2021-12-04,Canada Council for the Arts,1,0
2021-12-04,Canada Science and Technology Museum,9,0
2021-12-04,Social Sciences and Humanities Research Council of Canada,70,0
2021-12-04,Canada School of Public Service,10,0
2021-12-04,Courts Administration Service,2,0
2021-12-04,Atlantic Canada Opportunities Agency,5,0
2021-12-04,Canadian Intergovernmental Conference Secretariat,3,0
2021-12-04,International Development Research Centre,2,0
2021-12-04,Canadian Transportation Agency,2,0
2021-12-04,Royal Canadian Mounted Police,4,0
2021-12-04,Canadian Institute of Health Information,12,0
2021-12-04,Infrastructure Canada,11,0
2021-12-04,Status of Women Canada,4,0
2021-12-04,Library of Parliament,4,0
2021-12-05,Natural Resources Canada,18861,6484
2021-12-05,Public Health Agency of Canada,392,0
2021-12-05,Statistics Canada,5418,0
2021-12-05,Canada Border Services Agency,92,0
2021-12-05,Health Canada,395,0
2021-12-05,Government of Yukon,10,0
2021-12-05,Environment and Climate Change Canada,2383,16
2021-12-05,"Innovation, Science and Economic Development Canada",145,0
2021-12-05,Government of Alberta,347,82
2021-12-05,Government of Ontario,259,0
2021-12-05,Government and Municipalities of Québec,398,528
2021-12-05,Department of Justice Canada,1132,3
2021-12-05,Transportation Safety Board of Canada,323,0
2021-12-05,Employment and Social Development Canada,944,0
2021-12-05,Fisheries and Oceans Canada,216,8
2021-12-05,Treasury Board of Canada Secretariat,330,0
2021-12-05,Public Services and Procurement Canada,95,0
2021-12-05,Library and Archives Canada,3,0
2021-12-05,Agriculture and Agri-Food Canada,20,0
2021-12-05,Office of the Auditor General of Canada,48,0
2021-12-05,Canadian Space Agency,315,56
2021-12-05,Transport Canada,8,0
2021-12-05,Veterans Affairs Canada,1786,0
2021-12-05,Government of British Columbia,23,14
2021-12-05,National Research Council Canada,26,0
2021-12-05,Financial Transactions and Reports Analysis Centre of Canada,2,0
2021-12-05,"Immigration, Refugees and Citizenship Canada",837,0
2021-12-05,Parole Board of Canada,114,0
2021-12-05,Canadian Food Inspection Agency,140,0
2021-12-05,Canadian Radio-television and Telecommunications Commission,2,0
2021-12-05,Global Affairs Canada,84,0
2021-12-05,Canada Revenue Agency,157,0
2021-12-05,Parks Canada,53,0
2021-12-05,Crown-Indigenous Relations and Northern Affairs Canada,31,0
2021-12-05,Department of Finance Canada,194,0
2021-12-05,Canadian Heritage,4,0
2021-12-05,Correctional Service of Canada,36,0
2021-12-05,Canada Energy Regulator,94,0
2021-12-05,Shared Services Canada,2,0
2021-12-05,Government of New Brunswick,20,0
2021-12-05,Public Service Commission of Canada,7,0
2021-12-05,National Film Board,53,0
2021-12-05,Canadian Grain Commission,2,0
2021-12-05,Elections Canada,32,0
2021-12-05,National Defence,19,0
2021-12-05,Western Economic Diversification Canada,5,0
2021-12-05,Canada Mortgage and Housing Corporation,5,0
2021-12-05,Privy Council Office,4,0
2021-12-05,Natural Sciences and Engineering Research Council of Canada,87,0
2021-12-05,Public Safety Canada,8,0
2021-12-05,Defence Research and Development Canada,1,0
2021-12-05,Federal Economic Development Agency for Southern Ontario,8,0
2021-12-05,Canadian Nuclear Safety Commission,4,0
2021-12-05,Canada Council for the Arts,1,0
2021-12-05,Canada Science and Technology Museum,9,0
2021-12-05,Social Sciences and Humanities Research Council of Canada,70,0
2021-12-05,Canada School of Public Service,10,0
2021-12-05,Courts Administration Service,2,0
2021-12-05,Atlantic Canada Opportunities Agency,5,0
2021-12-05,Canadian Intergovernmental Conference Secretariat,3,0
2021-12-05,International Development Research Centre,2,0
2021-12-05,Canadian Transportation Agency,2,0
2021-12-05,Royal Canadian Mounted Police,4,0
2021-12-05,Canadian Institute of Health Information,12,0
2021-12-05,Infrastructure Canada,11,0
2021-12-05,Status of Women Canada,4,0
2021-12-05,Library of Parliament,4,0
2021-12-06,Natural Resources Canada,18861,6484
2021-12-06,Public Health Agency of Canada,392,0
2021-12-06,Statistics Canada,5418,0
2021-12-06,Canada Border Services Agency,92,0
2021-12-06,Health Canada,395,0
2021-12-06,Government of Yukon,10,0
2021-12-06,Environment and Climate Change Canada,2383,16
2021-12-06,"Innovation, Science and Economic Development Canada",145,0
2021-12-06,Government of Alberta,347,82
2021-12-06,Government of Ontario,259,0
2021-12-06,Government and Municipalities of Québec,398,528
2021-12-06,Department of Justice Canada,1132,3
2021-12-06,Transportation Safety Board of Canada,323,0
2021-12-06,Employment and Social Development Canada,944,0
2021-12-06,Fisheries and Oceans Canada,216,8
2021-12-06,Treasury Board of Canada Secretariat,330,0
2021-12-06,Public Services and Procurement Canada,95,0
2021-12-06,Library and Archives Canada,3,0
2021-12-06,Agriculture and Agri-Food Canada,20,0
2021-12-06,Office of the Auditor General of Canada,48,0
2021-12-06,Canadian Space Agency,315,56
2021-12-06,Transport Canada,8,0
2021-12-06,Veterans Affairs Canada,1786,0
2021-12-06,Government of British Columbia,23,14
2021-12-06,National Research Council Canada,26,0
2021-12-06,Financial Transactions and Reports Analysis Centre of Canada,2,0
2021-12-06,"Immigration, Refugees and Citizenship Canada",837,0
2021-12-06,Parole Board of Canada,114,0
2021-12-06,Canadian Food Inspection Agency,140,0
2021-12-06,Canadian Radio-television and Telecommunications Commission,2,0
2021-12-06,Global Affairs Canada,84,0
2021-12-06,Canada Revenue Agency,157,0
2021-12-06,Parks Canada,53,0
2021-12-06,Crown-Indigenous Relations and Northern Affairs Canada,31,0
2021-12-06,Department of Finance Canada,194,0
2021-12-06,Canadian Heritage,4,0
2021-12-06,Correctional Service of Canada,36,0
2021-12-06,Canada Energy Regulator,94,0
2021-12-06,Shared Services Canada,2,0
2021-12-06,Government of New Brunswick,20,0
2021-12-06,Public Service Commission of Canada,7,0
2021-12-06,National Film Board,53,0
2021-12-06,Canadian Grain Commission,2,0
2021-12-06,Elections Canada,32,0
2021-12-06,National Defence,19,0
2021-12-06,Western Economic Diversification Canada,5,0
2021-12-06,Canada Mortgage and Housing Corporation,5,0
2021-12-06,Privy Council Office,4,0
2021-12-06,Natural Sciences and Engineering Research Council of Canada,87,0
2021-12-06,Public Safety Canada,8,0
2021-12-06,Defence Research and Development Canada,1,0
2021-12-06,Federal Economic Development Agency for Southern Ontario,8,0
2021-12-06,Canadian Nuclear Safety Commission,4,0
2021-12-06,Canada Council for the Arts,1,0
2021-12-06,Canada Science and Technology Museum,9,0
2021-12-06,Social Sciences and Humanities Research Council of Canada,70,0
2021-12-06,Canada School of Public Service,10,0
2021-12-06,Courts Administration Service,2,0
2021-12-06,Atlantic Canada Opportunities Agency,5,0
2021-12-06,Canadian Intergovernmental Conference Secretariat,3,0
2021-12-06,International Development Research Centre,2,0
2021-12-06,Canadian Transportation Agency,2,0
2021-12-06,Royal Canadian Mounted Police,4,0
2021-12-06,Canadian Institute of Health Information,12,0
2021-12-06,Infrastructure Canada,11,0
2021-12-06,Status of Women Canada,4,0
2021-12-06,Library of Parliament,4,0
2021-12-07,Natural Resources Canada,18861,6484
2021-12-07,Public Health Agency of Canada,392,0
2021-12-07,Statistics Canada,5418,0
2021-12-07,Canada Border Services Agency,92,0
2021-12-07,Health Canada,395,0
2021-12-07,Government of Yukon,10,0
2021-12-07,Environment and Climate Change Canada,2383,16
2021-12-07,"Innovation, Science and Economic Development Canada",145,0
2021-12-07,Government of Alberta,347,82
2021-12-07,Government of Ontario,259,0
2021-12-07,Government and Municipalities of Québec,398,528
2021-12-07,Department of Justice Canada,1132,3
2021-12-07,Transportation Safety Board of Canada,323,0
2021-12-07,Employment and Social Development Canada,944,0
2021-12-07,Fisheries and Oceans Canada,216,8
2021-12-07,Treasury Board of Canada Secretariat,330,0
2021-12-07,Public Services and Procurement Canada,95,0
2021-12-07,Library and Archives Canada,3,0
2021-12-07,Agriculture and Agri-Food Canada,20,0
2021-12-07,Office of the Auditor General of Canada,48,0
2021-12-07,Canadian Space Agency,315,56
2021-12-07,Transport Canada,8,0
2021-12-07,Veterans Affairs Canada,1786,0
2021-12-07,Government of British Columbia,23,14
2021-12-07,National Research Council Canada,26,0
2021-12-07,Financial Transactions and Reports Analysis Centre of Canada,2,0
2021-12-07,"Immigration, Refugees and Citizenship Canada",837,0
2021-12-07,Parole Board of Canada,114,0
2021-12-07,Canadian Food Inspection Agency,140,0
2021-12-07,Canadian Radio-television and Telecommunications Commission,2,0
2021-12-07,Global Affairs Canada,84,0
2021-12-07,Canada Revenue Agency,157,0
2021-12-07,Parks Canada,53,0
2021-12-07,Crown-Indigenous Relations and Northern Affairs Canada,31,0
2021-12-07,Department of Finance Canada,194,0
2021-12-07,Canadian Heritage,4,0
2021-12-07,Correctional Service of Canada,36,0
2021-12-07,Canada Energy Regulator,94,0
2021-12-07,Shared Services Canada,2,0
2021-12-07,Government of New Brunswick,20,0
2021-12-07,Public Service Commission of Canada,7,0
2021-12-07,National Film Board,53,0
2021-12-07,Canadian Grain Commission,2,0
2021-12-07,Elections Canada,32,0
2021-12-07,National Defence,19,0
2021-12-07,Western Economic Diversification Canada,5,0
2021-12-07,Canada Mortgage and Housing Corporation,5,0
2021-12-07,Privy Council Office,4,0
2021-12-07,Natural Sciences and Engineering Research Council of Canada,87,0
2021-12-07,Public Safety Canada,8,0
2021-12-07,Defence Research and Development Canada,1,0
2021-12-07,Federal Economic Development Agency for Southern Ontario,8,0
2021-12-07,Canadian Nuclear Safety Commission,4,0
2021-12-07,Canada Council for the Arts,1,0
2021-12-07,Canada Science and Technology Museum,9,0
2021-12-07,Social Sciences and Humanities Research Council of Canada,70,0
2021-12-07,Canada School of Public Service,10,0
2021-12-07,Courts Administration Service,2,0
2021-12-07,Atlantic Canada Opportunities Agency,5,0
2021-12-07,Canadian Intergovernmental Conference Secretariat,3,0
2021-12-07,International Development Research Centre,2,0
2021-12-07,Canadian Transportation Agency,2,0
2021-12-07,Royal Canadian Mounted Police,4,0
2021-12-07,Canadian Institute of Health Information,12,0
2021-12-07,Infrastructure Canada,11,0
2021-12-07,Status of Women Canada,4,0
2021-12-07,Library of Parliament,4,0
2021-12-08,Natural Resources Canada,18861,6484
2021-12-08,Public Health Agency of Canada,392,0
2021-12-08,Statistics Canada,5418,0
2021-12-08,Canada Border Services Agency,92,0
2021-12-08,Health Canada,395,0
2021-12-08,Government of Yukon,10,0
2021-12-08,Environment and Climate Change Canada,2348,16
2021-12-08,"Innovation, Science and Economic Development Canada",145,0
2021-12-08,Government of Alberta,347,82
2021-12-08,Government of Ontario,259,0
2021-12-08,Government and Municipalities of Québec,398,528
2021-12-08,Department of Justice Canada,1132,3
2021-12-08,Transportation Safety Board of Canada,323,0
2021-12-08,Employment and Social Development Canada,942,0
2021-12-08,Fisheries and Oceans Canada,216,8
2021-12-08,Treasury Board of Canada Secretariat,330,0
2021-12-08,Public Services and Procurement Canada,95,0
2021-12-08,Library and Archives Canada,3,0
2021-12-08,Agriculture and Agri-Food Canada,20,0
2021-12-08,Office of the Auditor General of Canada,48,0
2021-12-08,Canadian Space Agency,315,56
2021-12-08,Transport Canada,8,0
2021-12-08,Veterans Affairs Canada,1786,0
2021-12-08,Government of British Columbia,23,14
2021-12-08,National Research Council Canada,26,0
2021-12-08,Financial Transactions and Reports Analysis Centre of Canada,2,0
2021-12-08,"Immigration, Refugees and Citizenship Canada",837,0
2021-12-08,Parole Board of Canada,114,0
2021-12-08,Canadian Food Inspection Agency,140,0
2021-12-08,Canadian Radio-television and Telecommunications Commission,2,0
2021-12-08,Global Affairs Canada,84,0
2021-12-08,Canada Revenue Agency,157,0
2021-12-08,Parks Canada,53,0
2021-12-08,Crown-Indigenous Relations and Northern Affairs Canada,31,0
2021-12-08,Department of Finance Canada,194,0
2021-12-08,Canadian Heritage,4,0
2021-12-08,Correctional Service of Canada,36,0
2021-12-08,Canada Energy Regulator,94,0
2021-12-08,Shared Services Canada,2,0
2021-12-08,Government of New Brunswick,20,0
2021-12-08,Public Service Commission of Canada,7,0
2021-12-08,National Film Board,53,0
2021-12-08,Canadian Grain Commission,2,0
2021-12-08,Elections Canada,32,0
2021-12-08,National Defence,19,0
2021-12-08,Western Economic Diversification Canada,5,0
2021-12-08,Canada Mortgage and Housing Corporation,5,0
2021-12-08,Privy Council Office,4,0
2021-12-08,Natural Sciences and Engineering Research Council of Canada,87,0
2021-12-08,Public Safety Canada,8,0
2021-12-08,Defence Research and Development Canada,1,0
2021-12-08,Federal Economic Development Agency for Southern Ontario,8,0
2021-12-08,Canadian Nuclear Safety Commission,4,0
2021-12-08,Canada Council for the Arts,1,0
2021-12-08,Canada Science and Technology Museum,9,0
2021-12-08,Social Sciences and Humanities Research Council of Canada,70,0
2021-12-08,Canada School of Public Service,10,0
2021-12-08,Courts Administration Service,2,0
2021-12-08,Atlantic Canada Opportunities Agency,5,0
2021-12-08,Canadian Intergovernmental Conference Secretariat,3,0
2021-12-08,International Development Research Centre,2,0
2021-12-08,Canadian Transportation Agency,2,0
2021-12-08,Royal Canadian Mounted Police,4,0
2021-12-08,Canadian Institute of Health Information,12,0
2021-12-08,Infrastructure Canada,11,0
2021-12-08,Status of Women Canada,4,0
2021-12-08,Library of Parliament,4,0
2021-12-09,Natural Resources Canada,18861,6484
2021-12-09,Public Health Agency of Canada,392,0
2021-12-09,Statistics Canada,5410,0
2021-12-09,Canada Border Services Agency,92,0
2021-12-09,Health Canada,395,0
2021-12-09,Government of Yukon,10,0
2021-12-09,Environment and Climate Change Canada,2348,16
2021-12-09,"Innovation, Science and Economic Development Canada",145,0
2021-12-09,Government of Alberta,347,82
2021-12-09,Government of Ontario,259,0
2021-12-09,Government and Municipalities of Québec,398,528
2021-12-09,Department of Justice Canada,1132,3
2021-12-09,Transportation Safety Board of Canada,323,0
2021-12-09,Employment and Social Development Canada,942,0
2021-12-09,Fisheries and Oceans Canada,216,8
2021-12-09,Treasury Board of Canada Secretariat,330,0
2021-12-09,Public Services and Procurement Canada,95,0
2021-12-09,Library and Archives Canada,3,0
2021-12-09,Agriculture and Agri-Food Canada,20,0
2021-12-09,Office of the Auditor General of Canada,48,0
2021-12-09,Canadian Space Agency,315,56
2021-12-09,Transport Canada,8,0
2021-12-09,Veterans Affairs Canada,1786,0
2021-12-09,Government of British Columbia,23,14
2021-12-09,National Research Council Canada,26,0
2021-12-09,Financial Transactions and Reports Analysis Centre of Canada,2,0
2021-12-09,"Immigration, Refugees and Citizenship Canada",837,0
2021-12-09,Parole Board of Canada,114,0
2021-12-09,Canadian Food Inspection Agency,140,0
2021-12-09,Canadian Radio-television and Telecommunications Commission,2,0
2021-12-09,Global Affairs Canada,84,0
2021-12-09,Canada Revenue Agency,157,0
2021-12-09,Parks Canada,53,0
2021-12-09,Crown-Indigenous Relations and Northern Affairs Canada,31,0
2021-12-09,Department of Finance Canada,194,0
2021-12-09,Canadian Heritage,4,0
2021-12-09,Correctional Service of Canada,36,0
2021-12-09,Canada Energy Regulator,94,0
2021-12-09,Shared Services Canada,2,0
2021-12-09,Government of New Brunswick,20,0
2021-12-09,Public Service Commission of Canada,7,0
2021-12-09,National Film Board,53,0
2021-12-09,Canadian Grain Commission,2,0
2021-12-09,Elections Canada,32,0
2021-12-09,National Defence,19,0
2021-12-09,Western Economic Diversification Canada,5,0
2021-12-09,Canada Mortgage and Housing Corporation,5,0
2021-12-09,Privy Council Office,4,0
2021-12-09,Natural Sciences and Engineering Research Council of Canada,87,0
2021-12-09,Public Safety Canada,8,0
2021-12-09,Defence Research and Development Canada,1,0
2021-12-09,Federal Economic Development Agency for Southern Ontario,8,0
2021-12-09,Canadian Nuclear Safety Commission,4,0
2021-12-09,Canada Council for the Arts,1,0
2021-12-09,Canada Science and Technology Museum,9,0
2021-12-09,Social Sciences and Humanities Research Council of Canada,70,0
2021-12-09,Canada School of Public Service,10,0
2021-12-09,Courts Administration Service,2,0
2021-12-09,Atlantic Canada Opportunities Agency,5,0
2021-12-09,Canadian Intergovernmental Conference Secretariat,3,0
2021-12-09,International Development Research Centre,2,0
2021-12-09,Canadian Transportation Agency,2,0
2021-12-09,Royal Canadian Mounted Police,4,0
2021-12-09,Canadian Institute of Health Information,12,0
2021-12-09,Infrastructure Canada,11,0
2021-12-09,Status of Women Canada,4,0
2021-12-09,Library of Parliament,4,0
2021-12-10,Natural Resources Canada,18861,6484
2021-12-10,Public Health Agency of Canada,392,0
2021-12-10,Statistics Canada,5410,0
2021-12-10,Canada Border Services Agency,92,0
2021-12-10,Health Canada,395,0
2021-12-10,Government of Yukon,10,0
2021-12-10,Environment and Climate Change Canada,2348,16
2021-12-10,"Innovation, Science and Economic Development Canada",145,0
2021-12-10,Government of Alberta,347,82
2021-12-10,Government of Ontario,259,0
2021-12-10,Government and Municipalities of Québec,398,528
2021-12-10,Department of Justice Canada,1132,3
2021-12-10,Transportation Safety Board of Canada,323,0
2021-12-10,Employment and Social Development Canada,934,0
2021-12-10,Fisheries and Oceans Canada,216,8
2021-12-10,Treasury Board of Canada Secretariat,330,0
2021-12-10,Public Services and Procurement Canada,95,0
2021-12-10,Library and Archives Canada,3,0
2021-12-10,Agriculture and Agri-Food Canada,20,0
2021-12-10,Office of the Auditor General of Canada,48,0
2021-12-10,Canadian Space Agency,315,56
2021-12-10,Transport Canada,8,0
2021-12-10,Veterans Affairs Canada,1786,0
2021-12-10,Government of British Columbia,23,14
2021-12-10,National Research Council Canada,26,0
2021-12-10,Financial Transactions and Reports Analysis Centre of Canada,2,0
2021-12-10,"Immigration, Refugees and Citizenship Canada",837,0
2021-12-10,Parole Board of Canada,114,0
2021-12-10,Canadian Food Inspection Agency,140,0
2021-12-10,Canadian Radio-television and Telecommunications Commission,2,0
2021-12-10,Global Affairs Canada,84,0
2021-12-10,Canada Revenue Agency,157,0
2021-12-10,Parks Canada,53,0
2021-12-10,Crown-Indigenous Relations and Northern Affairs Canada,31,0
2021-12-10,Department of Finance Canada,194,0
2021-12-10,Canadian Heritage,4,0
2021-12-10,Correctional Service of Canada,36,0
2021-12-10,Canada Energy Regulator,94,0
2021-12-10,Shared Services Canada,2,0
2021-12-10,Government of New Brunswick,20,0
2021-12-10,Public Service Commission of Canada,7,0
2021-12-10,National Film Board,53,0
2021-12-10,Canadian Grain Commission,2,0
2021-12-10,Elections Canada,32,0
2021-12-10,National Defence,19,0
2021-12-10,Western Economic Diversification Canada,5,0
2021-12-10,Canada Mortgage and Housing Corporation,5,0
2021-12-10,Privy Council Office,4,0
2021-12-10,Natural Sciences and Engineering Research Council of Canada,87,0
2021-12-10,Public Safety Canada,8,0
2021-12-10,Defence Research and Development Canada,1,0
2021-12-10,Federal Economic Development Agency for Southern Ontario,8,0
2021-12-10,Canadian Nuclear Safety Commission,4,0
2021-12-10,Canada Council for the Arts,1,0
2021-12-10,Canada Science and Technology Museum,9,0
2021-12-10,Social Sciences and Humanities Research Council of Canada,70,0
2021-12-10,Canada School of Public Service,10,0
2021-12-10,Courts Administration Service,2,0
2021-12-10,Atlantic Canada Opportunities Agency,5,0
2021-12-10,Canadian Intergovernmental Conference Secretariat,3,0
2021-12-10,International Development Research Centre,2,0
2021-12-10,Canadian Transportation Agency,2,0
2021-12-10,Royal Canadian Mounted Police,4,0
2021-12-10,Canadian Institute of Health Information,12,0
2021-12-10,Infrastructure Canada,11,0
2021-12-10,Status of Women Canada,4,0
2021-12-10,Library of Parliament,4,0
2021-12-11,Natural Resources Canada,18861,6484
2021-12-11,Public Health Agency of Canada,392,0
2021-12-11,Statistics Canada,5410,0
2021-12-11,Canada Border Services Agency,92,0
2021-12-11,Health Canada,395,0
2021-12-11,Government of Yukon,10,0
2021-12-11,Environment and Climate Change Canada,2348,16
2021-12-11,"Innovation, Science and Economic Development Canada",145,0
2021-12-11,Government of Alberta,347,82
2021-12-11,Government of Ontario,259,0
2021-12-11,Government and Municipalities of Québec,398,528
2021-12-11,Department of Justice Canada,1132,3
2021-12-11,Transportation Safety Board of Canada,323,0
2021-12-11,Employment and Social Development Canada,934,0
2021-12-11,Fisheries and Oceans Canada,216,8
2021-12-11,Treasury Board of Canada Secretariat,330,0
2021-12-11,Public Services and Procurement Canada,95,0
2021-12-11,Library and Archives Canada,3,0
2021-12-11,Agriculture and Agri-Food Canada,20,0
2021-12-11,Office of the Auditor General of Canada,48,0
2021-12-11,Canadian Space Agency,315,56
2021-12-11,Transport Canada,8,0
2021-12-11,Veterans Affairs Canada,1786,0
2021-12-11,Government of British Columbia,23,14
2021-12-11,National Research Council Canada,26,0
2021-12-11,Financial Transactions and Reports Analysis Centre of Canada,2,0
2021-12-11,"Immigration, Refugees and Citizenship Canada",837,0
2021-12-11,Parole Board of Canada,114,0
2021-12-11,Canadian Food Inspection Agency,140,0
2021-12-11,Canadian Radio-television and Telecommunications Commission,2,0
2021-12-11,Global Affairs Canada,84,0
2021-12-11,Canada Revenue Agency,157,0
2021-12-11,Parks Canada,53,0
2021-12-11,Crown-Indigenous Relations and Northern Affairs Canada,31,0
2021-12-11,Department of Finance Canada,194,0
2021-12-11,Canadian Heritage,4,0
2021-12-11,Correctional Service of Canada,36,0
2021-12-11,Canada Energy Regulator,94,0
2021-12-11,Shared Services Canada,2,0
2021-12-11,Government of New Brunswick,20,0
2021-12-11,Public Service Commission of Canada,7,0
2021-12-11,National Film Board,53,0
2021-12-11,Canadian Grain Commission,2,0
2021-12-11,Elections Canada,32,0
2021-12-11,National Defence,19,0
2021-12-11,Western Economic Diversification Canada,5,0
2021-12-11,Canada Mortgage and Housing Corporation,5,0
2021-12-11,Privy Council Office,4,0
2021-12-11,Natural Sciences and Engineering Research Council of Canada,87,0
2021-12-11,Public Safety Canada,8,0
2021-12-11,Defence Research and Development Canada,1,0
2021-12-11,Federal Economic Development Agency for Southern Ontario,8,0
2021-12-11,Canadian Nuclear Safety Commission,4,0
2021-12-11,Canada Council for the Arts,1,0
2021-12-11,Canada Science and Technology Museum,9,0
2021-12-11,Social Sciences and Humanities Research Council of Canada,70,0
2021-12-11,Canada School of Public Service,10,0
2021-12-11,Courts Administration Service,2,0
2021-12-11,Atlantic Canada Opportunities Agency,5,0
2021-12-11,Canadian Intergovernmental Conference Secretariat,3,0
2021-12-11,International Development Research Centre,2,0
2021-12-11,Canadian Transportation Agency,2,0
2021-12-11,Royal Canadian Mounted Police,4,0
2021-12-11,Canadian Institute of Health Information,12,0
2021-12-11,Infrastructure Canada,11,0
2021-12-11,Status of Women Canada,4,0
2021-12-11,Library of Parliament,4,0
2021-12-12,Natural Resources Canada,18861,6484
2021-12-12,Public Health Agency of Canada,392,0
2021-12-12,Statistics Canada,5410,0
2021-12-12,Canada Border Services Agency,92,0
2021-12-12,Health Canada,395,0
2021-12-12,Government of Yukon,10,0
2021-12-12,Environment and Climate Change Canada,2348,16
2021-12-12,"Innovation, Science and Economic Development Canada",145,0
2021-12-12,Government of Alberta,347,82
2021-12-12,Government of Ontario,259,0
2021-12-12,Government and Municipalities of Québec,398,528
2021-12-12,Department of Justice Canada,1132,3
2021-12-12,Transportation Safety Board of Canada,323,0
2021-12-12,Employment and Social Development Canada,928,0
2021-12-12,Fisheries and Oceans Canada,216,8
2021-12-12,Treasury Board of Canada Secretariat,330,0
2021-12-12,Public Services and Procurement Canada,95,0
2021-12-12,Library and Archives Canada,3,0
2021-12-12,Agriculture and Agri-Food Canada,20,0
2021-12-12,Office of the Auditor General of Canada,48,0
2021-12-12,Canadian Space Agency,315,56
2021-12-12,Transport Canada,8,0
2021-12-12,Veterans Affairs Canada,1786,0
2021-12-12,Government of British Columbia,23,14
2021-12-12,National Research Council Canada,26,0
2021-12-12,Financial Transactions and Reports Analysis Centre of Canada,2,0
2021-12-12,"Immigration, Refugees and Citizenship Canada",837,0
2021-12-12,Parole Board of Canada,114,0
2021-12-12,Canadian Food Inspection Agency,140,0
2021-12-12,Canadian Radio-television and Telecommunications Commission,2,0
2021-12-12,Global Affairs Canada,84,0
2021-12-12,Canada Revenue Agency,157,0
2021-12-12,Parks Canada,53,0
2021-12-12,Crown-Indigenous Relations and Northern Affairs Canada,31,0
2021-12-12,Department of Finance Canada,194,0
2021-12-12,Canadian Heritage,4,0
2021-12-12,Correctional Service of Canada,36,0
2021-12-12,Canada Energy Regulator,94,0
2021-12-12,Shared Services Canada,2,0
2021-12-12,Government of New Brunswick,20,0
2021-12-12,Public Service Commission of Canada,7,0
2021-12-12,National Film Board,53,0
2021-12-12,Canadian Grain Commission,2,0
2021-12-12,Elections Canada,32,0
2021-12-12,National Defence,18,0
2021-12-12,Western Economic Diversification Canada,5,0
2021-12-12,Canada Mortgage and Housing Corporation,5,0
2021-12-12,Privy Council Office,4,0
2021-12-12,Natural Sciences and Engineering Research Council of Canada,87,0
2021-12-12,Public Safety Canada,8,0
2021-12-12,Defence Research and Development Canada,1,0
2021-12-12,Federal Economic Development Agency for Southern Ontario,8,0
2021-12-12,Canadian Nuclear Safety Commission,4,0
2021-12-12,Canada Council for the Arts,1,0
2021-12-12,Canada Science and Technology Museum,9,0
2021-12-12,Social Sciences and Humanities Research Council of Canada,70,0
2021-12-12,Canada School of Public Service,10,0
2021-12-12,Courts Administration Service,2,0
2021-12-12,Atlantic Canada Opportunities Agency,5,0
2021-12-12,Canadian Intergovernmental Conference Secretariat,3,0
2021-12-12,International Development Research Centre,2,0
2021-12-12,Canadian Transportation Agency,2,0
2021-12-12,Royal Canadian Mounted Police,4,0
2021-12-12,Canadian Institute of Health Information,12,0
2021-12-12,Infrastructure Canada,11,0
2021-12-12,Status of Women Canada,4,0
2021-12-12,Library of Parliament,4,0
2021-12-13,Natural Resources Canada,18861,6484
2021-12-13,Public Health Agency of Canada,392,0
2021-12-13,Statistics Canada,5410,0
2021-12-13,Canada Border Services Agency,92,0
2021-12-13,Health Canada,395,0
2021-12-13,Government of Yukon,10,0
2021-12-13,Environment and Climate Change Canada,2348,16
2021-12-13,"Innovation, Science and Economic Development Canada",145,0
2021-12-13,Government of Alberta,347,82
2021-12-13,Government of Ontario,259,0
2021-12-13,Government and Municipalities of Québec,398,528
2021-12-13,Department of Justice Canada,1132,3
2021-12-13,Transportation Safety Board of Canada,323,0
2021-12-13,Employment and Social Development Canada,928,0
2021-12-13,Fisheries and Oceans Canada,216,8
2021-12-13,Treasury Board of Canada Secretariat,330,0
2021-12-13,Public Services and Procurement Canada,95,0
2021-12-13,Library and Archives Canada,3,0
2021-12-13,Agriculture and Agri-Food Canada,20,0
2021-12-13,Office of the Auditor General of Canada,48,0
2021-12-13,Canadian Space Agency,315,56
2021-12-13,Transport Canada,8,0
2021-12-13,Veterans Affairs Canada,1786,0
2021-12-13,Government of British Columbia,23,14
2021-12-13,National Research Council Canada,26,0
2021-12-13,Financial Transactions and Reports Analysis Centre of Canada,2,0
2021-12-13,"Immigration, Refugees and Citizenship Canada",837,0
2021-12-13,Parole Board of Canada,114,0
2021-12-13,Canadian Food Inspection Agency,140,0
2021-12-13,Canadian Radio-television and Telecommunications Commission,2,0
2021-12-13,Global Affairs Canada,84,0
2021-12-13,Canada Revenue Agency,157,0
2021-12-13,Parks Canada,53,0
2021-12-13,Crown-Indigenous Relations and Northern Affairs Canada,31,0
2021-12-13,Department of Finance Canada,194,0
2021-12-13,Canadian Heritage,4,0
2021-12-13,Correctional Service of Canada,36,0
2021-12-13,Canada Energy Regulator,94,0
2021-12-13,Shared Services Canada,2,0
2021-12-13,Government of New Brunswick,20,0
2021-12-13,Public Service Commission of Canada,7,0
2021-12-13,National Film Board,53,0
2021-12-13,Canadian Grain Commission,2,0
2021-12-13,Elections Canada,32,0
2021-12-13,National Defence,18,0
2021-12-13,Western Economic Diversification Canada,5,0
2021-12-13,Canada Mortgage and Housing Corporation,5,0
2021-12-13,Privy Council Office,4,0
2021-12-13,Natural Sciences and Engineering Research Council of Canada,87,0
2021-12-13,Public Safety Canada,8,0
2021-12-13,Defence Research and Development Canada,1,0
2021-12-13,Federal Economic Development Agency for Southern Ontario,8,0
2021-12-13,Canadian Nuclear Safety Commission,4,0
2021-12-13,Canada Council for the Arts,1,0
2021-12-13,Canada Science and Technology Museum,9,0
2021-12-13,Social Sciences and Humanities Research Council of Canada,70,0
2021-12-13,Canada School of Public Service,10,0
2021-12-13,Courts Administration Service,2,0
2021-12-13,Atlantic Canada Opportunities Agency,5,0
2021-12-13,Canadian Intergovernmental Conference Secretariat,3,0
2021-12-13,International Development Research Centre,2,0
2021-12-13,Canadian Transportation Agency,2,0
2021-12-13,Royal Canadian Mounted Police,4,0
2021-12-13,Canadian Institute of Health Information,12,0
2021-12-13,Infrastructure Canada,11,0
2021-12-13,Status of Women Canada,4,0
2021-12-13,Library of Parliament,4,0
2021-12-14,Natural Resources Canada,18861,6484
2021-12-14,Public Health Agency of Canada,392,0
2021-12-14,Statistics Canada,5410,0
2021-12-14,Canada Border Services Agency,92,0
2021-12-14,Health Canada,395,0
2021-12-14,Government of Yukon,10,0
2021-12-14,Environment and Climate Change Canada,2348,16
2021-12-14,"Innovation, Science and Economic Development Canada",145,0
2021-12-14,Government of Alberta,347,82
2021-12-14,Government of Ontario,259,0
2021-12-14,Government and Municipalities of Québec,398,528
2021-12-14,Department of Justice Canada,1132,3
2021-12-14,Transportation Safety Board of Canada,323,0
2021-12-14,Employment and Social Development Canada,886,0
2021-12-14,Fisheries and Oceans Canada,216,8
2021-12-14,Treasury Board of Canada Secretariat,330,0
2021-12-14,Public Services and Procurement Canada,95,0
2021-12-14,Library and Archives Canada,3,0
2021-12-14,Agriculture and Agri-Food Canada,20,0
2021-12-14,Office of the Auditor General of Canada,48,0
2021-12-14,Canadian Space Agency,315,56
2021-12-14,Transport Canada,8,0
2021-12-14,Veterans Affairs Canada,1786,0
2021-12-14,Government of British Columbia,23,14
2021-12-14,National Research Council Canada,26,0
2021-12-14,Financial Transactions and Reports Analysis Centre of Canada,2,0
2021-12-14,"Immigration, Refugees and Citizenship Canada",837,0
2021-12-14,Parole Board of Canada,114,0
2021-12-14,Canadian Food Inspection Agency,140,0
2021-12-14,Canadian Radio-television and Telecommunications Commission,2,0
2021-12-14,Global Affairs Canada,84,0
2021-12-14,Canada Revenue Agency,157,0
2021-12-14,Parks Canada,53,0
2021-12-14,Crown-Indigenous Relations and Northern Affairs Canada,31,0
2021-12-14,Department of Finance Canada,194,0
2021-12-14,Canadian Heritage,4,0
2021-12-14,Correctional Service of Canada,36,0
2021-12-14,Canada Energy Regulator,94,0
2021-12-14,Shared Services Canada,2,0
2021-12-14,Government of New Brunswick,20,0
2021-12-14,Public Service Commission of Canada,7,0
2021-12-14,National Film Board,53,0
2021-12-14,Canadian Grain Commission,2,0
2021-12-14,Elections Canada,32,0
2021-12-14,National Defence,18,0
2021-12-14,Western Economic Diversification Canada,5,0
2021-12-14,Canada Mortgage and Housing Corporation,5,0
2021-12-14,Privy Council Office,4,0
2021-12-14,Natural Sciences and Engineering Research Council of Canada,87,0
2021-12-14,Public Safety Canada,8,0
2021-12-14,Defence Research and Development Canada,1,0
2021-12-14,Federal Economic Development Agency for Southern Ontario,8,0
2021-12-14,Canadian Nuclear Safety Commission,4,0
2021-12-14,Canada Council for the Arts,1,0
2021-12-14,Canada Science and Technology Museum,9,0
2021-12-14,Social Sciences and Humanities Research Council of Canada,70,0
2021-12-14,Canada School of Public Service,10,0
2021-12-14,Courts Administration Service,2,0
2021-12-14,Atlantic Canada Opportunities Agency,5,0
2021-12-14,Canadian Intergovernmental Conference Secretariat,3,0
2021-12-14,International Development Research Centre,2,0
2021-12-14,Canadian Transportation Agency,2,0
2021-12-14,Royal Canadian Mounted Police,4,0
2021-12-14,Canadian Institute of Health Information,12,0
2021-12-14,Infrastructure Canada,11,0
2021-12-14,Status of Women Canada,4,0
2021-12-14,Library of Parliament,4,0
2021-12-15,Natural Resources Canada,18861,6484
2021-12-15,Public Health Agency of Canada,392,0
2021-12-15,Statistics Canada,5410,0
2021-12-15,Canada Border Services Agency,92,0
2021-12-15,Health Canada,395,0
2021-12-15,Government of Yukon,10,0
2021-12-15,Environment and Climate Change Canada,2348,16
2021-12-15,"Innovation, Science and Economic Development Canada",145,0
2021-12-15,Government of Alberta,347,82
2021-12-15,Government of Ontario,259,0
2021-12-15,Government and Municipalities of Québec,398,528
2021-12-15,Department of Justice Canada,1130,3
2021-12-15,Transportation Safety Board of Canada,323,0
2021-12-15,Employment and Social Development Canada,886,0
2021-12-15,Fisheries and Oceans Canada,216,8
2021-12-15,Treasury Board of Canada Secretariat,330,0
2021-12-15,Public Services and Procurement Canada,95,0
2021-12-15,Library and Archives Canada,3,0
2021-12-15,Agriculture and Agri-Food Canada,20,0
2021-12-15,Office of the Auditor General of Canada,48,0
2021-12-15,Canadian Space Agency,315,56
2021-12-15,Transport Canada,8,0
2021-12-15,Veterans Affairs Canada,1786,0
2021-12-15,Government of British Columbia,23,14
2021-12-15,National Research Council Canada,26,0
2021-12-15,Financial Transactions and Reports Analysis Centre of Canada,2,0
2021-12-15,"Immigration, Refugees and Citizenship Canada",837,0
2021-12-15,Parole Board of Canada,114,0
2021-12-15,Canadian Food Inspection Agency,140,0
2021-12-15,Canadian Radio-television and Telecommunications Commission,2,0
2021-12-15,Global Affairs Canada,84,0
2021-12-15,Canada Revenue Agency,157,0
2021-12-15,Parks Canada,53,0
2021-12-15,Crown-Indigenous Relations and Northern Affairs Canada,31,0
2021-12-15,Department of Finance Canada,194,0
2021-12-15,Canadian Heritage,4,0
2021-12-15,Correctional Service of Canada,36,0
2021-12-15,Canada Energy Regulator,94,0
2021-12-15,Shared Services Canada,2,0
2021-12-15,Government of New Brunswick,20,0
2021-12-15,Public Service Commission of Canada,7,0
2021-12-15,National Film Board,53,0
2021-12-15,Canadian Grain Commission,2,0
2021-12-15,Elections Canada,32,0
2021-12-15,National Defence,18,0
2021-12-15,Western Economic Diversification Canada,5,0
2021-12-15,Canada Mortgage and Housing Corporation,5,0
2021-12-15,Privy Council Office,4,0
2021-12-15,Natural Sciences and Engineering Research Council of Canada,87,0
2021-12-15,Public Safety Canada,8,0
2021-12-15,Defence Research and Development Canada,1,0
2021-12-15,Federal Economic Development Agency for Southern Ontario,8,0
2021-12-15,Canadian Nuclear Safety Commission,4,0
2021-12-15,Canada Council for the Arts,1,0
2021-12-15,Canada Science and Technology Museum,9,0
2021-12-15,Social Sciences and Humanities Research Council of Canada,70,0
2021-12-15,Canada School of Public Service,10,0
2021-12-15,Courts Administration Service,2,0
2021-12-15,Atlantic Canada Opportunities Agency,5,0
2021-12-15,Canadian Intergovernmental Conference Secretariat,3,0
2021-12-15,International Development Research Centre,2,0
2021-12-15,Canadian Transportation Agency,2,0
2021-12-15,Royal Canadian Mounted Police,4,0
2021-12-15,Canadian Institute of Health Information,12,0
2021-12-15,Infrastructure Canada,11,0
2021-12-15,Status of Women Canada,4,0
2021-12-15,Library of Parliament,4,0
2021-12-16,Natural Resources Canada,18861,6484
2021-12-16,Public Health Agency of Canada,392,0
2021-12-16,Statistics Canada,5410,0
2021-12-16,Canada Border Services Agency,92,0
2021-12-16,Health Canada,395,0
2021-12-16,Government of Yukon,10,0
2021-12-16,Environment and Climate Change Canada,2348,16
2021-12-16,"Innovation, Science and Economic Development Canada",145,0
2021-12-16,Government of Alberta,347,82
2021-12-16,Government of Ontario,259,0
2021-12-16,Government and Municipalities of Québec,398,528
2021-12-16,Department of Justice Canada,1136,3
2021-12-16,Transportation Safety Board of Canada,323,0
2021-12-16,Employment and Social Development Canada,886,0
2021-12-16,Fisheries and Oceans Canada,216,8
2021-12-16,Treasury Board of Canada Secretariat,330,0
2021-12-16,Public Services and Procurement Canada,95,0
2021-12-16,Library and Archives Canada,3,0
2021-12-16,Agriculture and Agri-Food Canada,20,0
2021-12-16,Office of the Auditor General of Canada,48,0
2021-12-16,Canadian Space Agency,315,56
2021-12-16,Transport Canada,8,0
2021-12-16,Veterans Affairs Canada,1786,0
2021-12-16,Government of British Columbia,23,14
2021-12-16,National Research Council Canada,26,0
2021-12-16,Financial Transactions and Reports Analysis Centre of Canada,2,0
2021-12-16,"Immigration, Refugees and Citizenship Canada",837,0
2021-12-16,Parole Board of Canada,114,0
2021-12-16,Canadian Food Inspection Agency,140,0
2021-12-16,Canadian Radio-television and Telecommunications Commission,2,0
2021-12-16,Global Affairs Canada,84,0
2021-12-16,Canada Revenue Agency,157,0
2021-12-16,Parks Canada,53,0
2021-12-16,Crown-Indigenous Relations and Northern Affairs Canada,31,0
2021-12-16,Department of Finance Canada,194,0
2021-12-16,Canadian Heritage,4,0
2021-12-16,Correctional Service of Canada,36,0
2021-12-16,Canada Energy Regulator,94,0
2021-12-16,Shared Services Canada,2,0
2021-12-16,Government of New Brunswick,20,0
2021-12-16,Public Service Commission of Canada,7,0
2021-12-16,National Film Board,53,0
2021-12-16,Canadian Grain Commission,2,0
2021-12-16,Elections Canada,32,0
2021-12-16,National Defence,18,0
2021-12-16,Western Economic Diversification Canada,5,0
2021-12-16,Canada Mortgage and Housing Corporation,5,0
2021-12-16,Privy Council Office,4,0
2021-12-16,Natural Sciences and Engineering Research Council of Canada,87,0
2021-12-16,Public Safety Canada,8,0
2021-12-16,Defence Research and Development Canada,1,0
2021-12-16,Federal Economic Development Agency for Southern Ontario,8,0
2021-12-16,Canadian Nuclear Safety Commission,4,0
2021-12-16,Canada Council for the Arts,1,0
2021-12-16,Canada Science and Technology Museum,9,0
2021-12-16,Social Sciences and Humanities Research Council of Canada,70,0
2021-12-16,Canada School of Public Service,10,0
2021-12-16,Courts Administration Service,2,0
2021-12-16,Atlantic Canada Opportunities Agency,5,0
2021-12-16,Canadian Intergovernmental Conference Secretariat,3,0
2021-12-16,International Development Research Centre,2,0
2021-12-16,Canadian Transportation Agency,2,0
2021-12-16,Royal Canadian Mounted Police,4,0
2021-12-16,Canadian Institute of Health Information,12,0
2021-12-16,Infrastructure Canada,11,0
2021-12-16,Status of Women Canada,4,0
2021-12-16,Library of Parliament,4,0
2021-12-17,Natural Resources Canada,18861,6484
2021-12-17,Public Health Agency of Canada,392,0
2021-12-17,Statistics Canada,5410,0
2021-12-17,Canada Border Services Agency,92,0
2021-12-17,Health Canada,395,0
2021-12-17,Government of Yukon,10,0
2021-12-17,Environment and Climate Change Canada,2348,16
2021-12-17,"Innovation, Science and Economic Development Canada",145,0
2021-12-17,Government of Alberta,347,82
2021-12-17,Government of Ontario,259,0
2021-12-17,Government and Municipalities of Québec,398,528
2021-12-17,Department of Justice Canada,1136,3
2021-12-17,Transportation Safety Board of Canada,323,0
2021-12-17,Employment and Social Development Canada,886,0
2021-12-17,Fisheries and Oceans Canada,216,8
2021-12-17,Treasury Board of Canada Secretariat,330,0
2021-12-17,Public Services and Procurement Canada,95,0
2021-12-17,Library and Archives Canada,3,0
2021-12-17,Agriculture and Agri-Food Canada,20,0
2021-12-17,Office of the Auditor General of Canada,48,0
2021-12-17,Canadian Space Agency,315,56
2021-12-17,Transport Canada,8,0
2021-12-17,Veterans Affairs Canada,1786,0
2021-12-17,Government of British Columbia,23,14
2021-12-17,National Research Council Canada,26,0
2021-12-17,Financial Transactions and Reports Analysis Centre of Canada,2,0
2021-12-17,"Immigration, Refugees and Citizenship Canada",837,0
2021-12-17,Parole Board of Canada,114,0
2021-12-17,Canadian Food Inspection Agency,140,0
2021-12-17,Canadian Radio-television and Telecommunications Commission,2,0
2021-12-17,Global Affairs Canada,84,0
2021-12-17,Canada Revenue Agency,157,0
2021-12-17,Parks Canada,53,0
2021-12-17,Crown-Indigenous Relations and Northern Affairs Canada,31,0
2021-12-17,Department of Finance Canada,194,0
2021-12-17,Canadian Heritage,4,0
2021-12-17,Correctional Service of Canada,36,0
2021-12-17,Canada Energy Regulator,94,0
2021-12-17,Shared Services Canada,2,0
2021-12-17,Government of New Brunswick,20,0
2021-12-17,Public Service Commission of Canada,7,0
2021-12-17,National Film Board,53,0
2021-12-17,Canadian Grain Commission,2,0
2021-12-17,Elections Canada,32,0
2021-12-17,National Defence,18,0
2021-12-17,Western Economic Diversification Canada,5,0
2021-12-17,Canada Mortgage and Housing Corporation,5,0
2021-12-17,Privy Council Office,4,0
2021-12-17,Natural Sciences and Engineering Research Council of Canada,87,0
2021-12-17,Public Safety Canada,8,0
2021-12-17,Defence Research and Development Canada,1,0
2021-12-17,Federal Economic Development Agency for Southern Ontario,8,0
2021-12-17,Canadian Nuclear Safety Commission,4,0
2021-12-17,Canada Council for the Arts,1,0
2021-12-17,Canada Science and Technology Museum,9,0
2021-12-17,Social Sciences and Humanities Research Council of Canada,70,0
2021-12-17,Canada School of Public Service,10,0
2021-12-17,Courts Administration Service,2,0
2021-12-17,Atlantic Canada Opportunities Agency,5,0
2021-12-17,Canadian Intergovernmental Conference Secretariat,3,0
2021-12-17,International Development Research Centre,2,0
2021-12-17,Canadian Transportation Agency,2,0
2021-12-17,Royal Canadian Mounted Police,4,0
2021-12-17,Canadian Institute of Health Information,12,0
2021-12-17,Infrastructure Canada,11,0
2021-12-17,Status of Women Canada,4,0
2021-12-17,Library of Parliament,4,0
2021-12-18,Natural Resources Canada,18861,6484
2021-12-18,Public Health Agency of Canada,392,0
2021-12-18,Statistics Canada,5410,0
2021-12-18,Canada Border Services Agency,92,0
2021-12-18,Health Canada,395,0
2021-12-18,Government of Yukon,10,0
2021-12-18,Environment and Climate Change Canada,2348,16
2021-12-18,"Innovation, Science and Economic Development Canada",145,0
2021-12-18,Government of Alberta,347,82
2021-12-18,Government of Ontario,259,0
2021-12-18,Government and Municipalities of Québec,398,528
2021-12-18,Department of Justice Canada,1136,3
2021-12-18,Transportation Safety Board of Canada,323,0
2021-12-18,Employment and Social Development Canada,886,0
2021-12-18,Fisheries and Oceans Canada,216,8
2021-12-18,Treasury Board of Canada Secretariat,330,0
2021-12-18,Public Services and Procurement Canada,95,0
2021-12-18,Library and Archives Canada,3,0
2021-12-18,Agriculture and Agri-Food Canada,20,0
2021-12-18,Office of the Auditor General of Canada,48,0
2021-12-18,Canadian Space Agency,315,56
2021-12-18,Transport Canada,8,0
2021-12-18,Veterans Affairs Canada,1786,0
2021-12-18,Government of British Columbia,23,14
2021-12-18,National Research Council Canada,26,0
2021-12-18,Financial Transactions and Reports Analysis Centre of Canada,2,0
2021-12-18,"Immigration, Refugees and Citizenship Canada",837,0
2021-12-18,Parole Board of Canada,114,0
2021-12-18,Canadian Food Inspection Agency,140,0
2021-12-18,Canadian Radio-television and Telecommunications Commission,2,0
2021-12-18,Global Affairs Canada,84,0
2021-12-18,Canada Revenue Agency,157,0
2021-12-18,Parks Canada,53,0
2021-12-18,Crown-Indigenous Relations and Northern Affairs Canada,31,0
2021-12-18,Department of Finance Canada,194,0
2021-12-18,Canadian Heritage,4,0
2021-12-18,Correctional Service of Canada,36,0
2021-12-18,Canada Energy Regulator,94,0
2021-12-18,Shared Services Canada,2,0
2021-12-18,Government of New Brunswick,20,0
2021-12-18,Public Service Commission of Canada,7,0
2021-12-18,National Film Board,53,0
2021-12-18,Canadian Grain Commission,2,0
2021-12-18,Elections Canada,32,0
2021-12-18,National Defence,18,0
2021-12-18,Western Economic Diversification Canada,5,0
2021-12-18,Canada Mortgage and Housing Corporation,5,0
2021-12-18,Privy Council Office,4,0
2021-12-18,Natural Sciences and Engineering Research Council of Canada,87,0
2021-12-18,Public Safety Canada,8,0
2021-12-18,Defence Research and Development Canada,1,0
2021-12-18,Federal Economic Development Agency for Southern Ontario,8,0
2021-12-18,Canadian Nuclear Safety Commission,4,0
2021-12-18,Canada Council for the Arts,1,0
2021-12-18,Canada Science and Technology Museum,9,0
2021-12-18,Social Sciences and Humanities Research Council of Canada,70,0
2021-12-18,Canada School of Public Service,10,0
2021-12-18,Courts Administration Service,2,0
2021-12-18,Atlantic Canada Opportunities Agency,5,0
2021-12-18,Canadian Intergovernmental Conference Secretariat,3,0
2021-12-18,International Development Research Centre,2,0
2021-12-18,Canadian Transportation Agency,2,0
2021-12-18,Royal Canadian Mounted Police,4,0
2021-12-18,Canadian Institute of Health Information,12,0
2021-12-18,Infrastructure Canada,11,0
2021-12-18,Status of Women Canada,4,0
2021-12-18,Library of Parliament,4,0
2021-12-19,Natural Resources Canada,18861,6484
2021-12-19,Public Health Agency of Canada,392,0
2021-12-19,Statistics Canada,5410,0
2021-12-19,Canada Border Services Agency,1,0
2021-12-19,Health Canada,395,0
2021-12-19,Government of Yukon,10,0
2021-12-19,Environment and Climate Change Canada,2348,16
2021-12-19,"Innovation, Science and Economic Development Canada",145,0
2021-12-19,Government of Alberta,347,82
2021-12-19,Government of Ontario,258,0
2021-12-19,Government and Municipalities of Québec,398,528
2021-12-19,Department of Justice Canada,1136,3
2021-12-19,Transportation Safety Board of Canada,323,0
2021-12-19,Employment and Social Development Canada,886,0
2021-12-19,Fisheries and Oceans Canada,216,8
2021-12-19,Treasury Board of Canada Secretariat,330,0
2021-12-19,Public Services and Procurement Canada,95,0
2021-12-19,Library and Archives Canada,3,0
2021-12-19,Agriculture and Agri-Food Canada,20,0
2021-12-19,Office of the Auditor General of Canada,48,0
2021-12-19,Canadian Space Agency,315,56
2021-12-19,Transport Canada,8,0
2021-12-19,Veterans Affairs Canada,1786,0
2021-12-19,Government of British Columbia,23,14
2021-12-19,National Research Council Canada,26,0
2021-12-19,Financial Transactions and Reports Analysis Centre of Canada,2,0
2021-12-19,"Immigration, Refugees and Citizenship Canada",837,0
2021-12-19,Parole Board of Canada,114,0
2021-12-19,Canadian Food Inspection Agency,140,0
2021-12-19,Canadian Radio-television and Telecommunications Commission,2,0
2021-12-19,Global Affairs Canada,84,0
2021-12-19,Canada Revenue Agency,157,0
2021-12-19,Parks Canada,53,0
2021-12-19,Crown-Indigenous Relations and Northern Affairs Canada,31,0
2021-12-19,Department of Finance Canada,194,0
2021-12-19,Canadian Heritage,4,0
2021-12-19,Correctional Service of Canada,36,0
2021-12-19,Canada Energy Regulator,94,0
2021-12-19,Shared Services Canada,2,0
2021-12-19,Government of New Brunswick,20,0
2021-12-19,Public Service Commission of Canada,7,0
2021-12-19,National Film Board,53,0
2021-12-19,Canadian Grain Commission,2,0
2021-12-19,Elections Canada,32,0
2021-12-19,National Defence,18,0
2021-12-19,Western Economic Diversification Canada,5,0
2021-12-19,Canada Mortgage and Housing Corporation,5,0
2021-12-19,Privy Council Office,4,0
2021-12-19,Natural Sciences and Engineering Research Council of Canada,87,0
2021-12-19,Public Safety Canada,8,0
2021-12-19,Defence Research and Development Canada,1,0
2021-12-19,Federal Economic Development Agency for Southern Ontario,8,0
2021-12-19,Canadian Nuclear Safety Commission,4,0
2021-12-19,Canada Council for the Arts,1,0
2021-12-19,Canada Science and Technology Museum,9,0
2021-12-19,Social Sciences and Humanities Research Council of Canada,70,0
2021-12-19,Canada School of Public Service,10,0
2021-12-19,Courts Administration Service,2,0
2021-12-19,Atlantic Canada Opportunities Agency,5,0
2021-12-19,Canadian Intergovernmental Conference Secretariat,3,0
2021-12-19,International Development Research Centre,2,0
2021-12-19,Canadian Transportation Agency,2,0
2021-12-19,Royal Canadian Mounted Police,4,0
2021-12-19,Canadian Institute of Health Information,12,0
2021-12-19,Infrastructure Canada,11,0
2021-12-19,Status of Women Canada,4,0
2021-12-19,Library of Parliament,4,0
2021-12-20,Natural Resources Canada,18861,6484
2021-12-20,Public Health Agency of Canada,392,0
2021-12-20,Statistics Canada,5410,0
2021-12-20,Canada Border Services Agency,1,0
2021-12-20,Health Canada,395,0
2021-12-20,Government of Yukon,10,0
2021-12-20,Environment and Climate Change Canada,2348,16
2021-12-20,"Innovation, Science and Economic Development Canada",145,0
2021-12-20,Government of Alberta,347,82
2021-12-20,Government of Ontario,258,0
2021-12-20,Government and Municipalities of Québec,398,528
2021-12-20,Department of Justice Canada,1136,3
2021-12-20,Transportation Safety Board of Canada,323,0
2021-12-20,Employment and Social Development Canada,886,0
2021-12-20,Fisheries and Oceans Canada,216,8
2021-12-20,Treasury Board of Canada Secretariat,330,0
2021-12-20,Public Services and Procurement Canada,95,0
2021-12-20,Library and Archives Canada,3,0
2021-12-20,Agriculture and Agri-Food Canada,20,0
2021-12-20,Office of the Auditor General of Canada,48,0
2021-12-20,Canadian Space Agency,315,56
2021-12-20,Transport Canada,8,0
2021-12-20,Veterans Affairs Canada,1786,0
2021-12-20,Government of British Columbia,23,14
2021-12-20,National Research Council Canada,26,0
2021-12-20,Financial Transactions and Reports Analysis Centre of Canada,2,0
2021-12-20,"Immigration, Refugees and Citizenship Canada",837,0
2021-12-20,Parole Board of Canada,114,0
2021-12-20,Canadian Food Inspection Agency,140,0
2021-12-20,Canadian Radio-television and Telecommunications Commission,2,0
2021-12-20,Global Affairs Canada,84,0
2021-12-20,Canada Revenue Agency,157,0
2021-12-20,Parks Canada,53,0
2021-12-20,Crown-Indigenous Relations and Northern Affairs Canada,31,0
2021-12-20,Department of Finance Canada,194,0
2021-12-20,Canadian Heritage,4,0
2021-12-20,Correctional Service of Canada,36,0
2021-12-20,Canada Energy Regulator,94,0
2021-12-20,Shared Services Canada,2,0
2021-12-20,Government of New Brunswick,20,0
2021-12-20,Public Service Commission of Canada,7,0
2021-12-20,National Film Board,53,0
2021-12-20,Canadian Grain Commission,2,0
2021-12-20,Elections Canada,32,0
2021-12-20,National Defence,18,0
2021-12-20,Western Economic Diversification Canada,5,0
2021-12-20,Canada Mortgage and Housing Corporation,5,0
2021-12-20,Privy Council Office,4,0
2021-12-20,Natural Sciences and Engineering Research Council of Canada,87,0
2021-12-20,Public Safety Canada,8,0
2021-12-20,Defence Research and Development Canada,1,0
2021-12-20,Federal Economic Development Agency for Southern Ontario,8,0
2021-12-20,Canadian Nuclear Safety Commission,4,0
2021-12-20,Canada Council for the Arts,1,0
2021-12-20,Canada Science and Technology Museum,9,0
2021-12-20,Social Sciences and Humanities Research Council of Canada,70,0
2021-12-20,Canada School of Public Service,10,0
2021-12-20,Courts Administration Service,2,0
2021-12-20,Atlantic Canada Opportunities Agency,5,0
2021-12-20,Canadian Intergovernmental Conference Secretariat,3,0
2021-12-20,International Development Research Centre,2,0
2021-12-20,Canadian Transportation Agency,2,0
2021-12-20,Royal Canadian Mounted Police,4,0
2021-12-20,Canadian Institute of Health Information,12,0
2021-12-20,Infrastructure Canada,11,0
2021-12-20,Status of Women Canada,4,0
2021-12-20,Library of Parliament,4,0
2021-12-21,Natural Resources Canada,18861,6484
2021-12-21,Public Health Agency of Canada,392,0
2021-12-21,Statistics Canada,5410,0
2021-12-21,Canada Border Services Agency,1,0
2021-12-21,Health Canada,395,0
2021-12-21,Government of Yukon,10,0
2021-12-21,Environment and Climate Change Canada,2338,16
2021-12-21,"Innovation, Science and Economic Development Canada",145,0
2021-12-21,Government of Alberta,347,82
2021-12-21,Government of Ontario,258,0
2021-12-21,Government and Municipalities of Québec,398,528
2021-12-21,Department of Justice Canada,1136,3
2021-12-21,Transportation Safety Board of Canada,323,0
2021-12-21,Employment and Social Development Canada,886,0
2021-12-21,Fisheries and Oceans Canada,216,8
2021-12-21,Treasury Board of Canada Secretariat,330,0
2021-12-21,Public Services and Procurement Canada,95,0
2021-12-21,Library and Archives Canada,3,0
2021-12-21,Agriculture and Agri-Food Canada,20,0
2021-12-21,Office of the Auditor General of Canada,48,0
2021-12-21,Canadian Space Agency,315,56
2021-12-21,Transport Canada,8,0
2021-12-21,Veterans Affairs Canada,1786,0
2021-12-21,Government of British Columbia,23,14
2021-12-21,National Research Council Canada,26,0
2021-12-21,Financial Transactions and Reports Analysis Centre of Canada,2,0
2021-12-21,"Immigration, Refugees and Citizenship Canada",837,0
2021-12-21,Parole Board of Canada,114,0
2021-12-21,Canadian Food Inspection Agency,140,0
2021-12-21,Canadian Radio-television and Telecommunications Commission,2,0
2021-12-21,Global Affairs Canada,84,0
2021-12-21,Canada Revenue Agency,157,0
2021-12-21,Parks Canada,53,0
2021-12-21,Crown-Indigenous Relations and Northern Affairs Canada,31,0
2021-12-21,Department of Finance Canada,194,0
2021-12-21,Canadian Heritage,4,0
2021-12-21,Correctional Service of Canada,36,0
2021-12-21,Canada Energy Regulator,94,0
2021-12-21,Shared Services Canada,2,0
2021-12-21,Government of New Brunswick,20,0
2021-12-21,Public Service Commission of Canada,7,0
2021-12-21,National Film Board,53,0
2021-12-21,Canadian Grain Commission,2,0
2021-12-21,Elections Canada,32,0
2021-12-21,National Defence,18,0
2021-12-21,Western Economic Diversification Canada,5,0
2021-12-21,Canada Mortgage and Housing Corporation,5,0
2021-12-21,Privy Council Office,4,0
2021-12-21,Natural Sciences and Engineering Research Council of Canada,87,0
2021-12-21,Public Safety Canada,8,0
2021-12-21,Defence Research and Development Canada,1,0
2021-12-21,Federal Economic Development Agency for Southern Ontario,8,0
2021-12-21,Canadian Nuclear Safety Commission,4,0
2021-12-21,Canada Council for the Arts,1,0
2021-12-21,Canada Science and Technology Museum,9,0
2021-12-21,Social Sciences and Humanities Research Council of Canada,70,0
2021-12-21,Canada School of Public Service,10,0
2021-12-21,Courts Administration Service,2,0
2021-12-21,Atlantic Canada Opportunities Agency,5,0
2021-12-21,Canadian Intergovernmental Conference Secretariat,3,0
2021-12-21,International Development Research Centre,2,0
2021-12-21,Canadian Transportation Agency,2,0
2021-12-21,Royal Canadian Mounted Police,4,0
2021-12-21,Canadian Institute of Health Information,12,0
2021-12-21,Infrastructure Canada,11,0
2021-12-21,Status of Women Canada,4,0
2021-12-21,Library of Parliament,4,0
2021-12-22,Natural Resources Canada,18861,6484
2021-12-22,Public Health Agency of Canada,392,0
2021-12-22,Statistics Canada,5410,0
2021-12-22,Health Canada,395,0
2021-12-22,Government of Yukon,10,0
2021-12-22,Environment and Climate Change Canada,2338,16
2021-12-22,"Innovation, Science and Economic Development Canada",145,0
2021-12-22,Government of Alberta,347,82
2021-12-22,Government of Ontario,258,0
2021-12-22,Government and Municipalities of Québec,398,528
2021-12-22,Department of Justice Canada,1136,3
2021-12-22,Transportation Safety Board of Canada,323,0
2021-12-22,Employment and Social Development Canada,880,0
2021-12-22,Fisheries and Oceans Canada,216,8
2021-12-22,Treasury Board of Canada Secretariat,330,0
2021-12-22,Public Services and Procurement Canada,95,0
2021-12-22,Library and Archives Canada,3,0
2021-12-22,Agriculture and Agri-Food Canada,20,0
2021-12-22,Office of the Auditor General of Canada,48,0
2021-12-22,Canadian Space Agency,315,56
2021-12-22,Transport Canada,8,0
2021-12-22,Veterans Affairs Canada,1786,0
2021-12-22,Government of British Columbia,23,14
2021-12-22,National Research Council Canada,26,0
2021-12-22,Financial Transactions and Reports Analysis Centre of Canada,2,0
2021-12-22,"Immigration, Refugees and Citizenship Canada",837,0
2021-12-22,Parole Board of Canada,114,0
2021-12-22,Canadian Food Inspection Agency,140,0
2021-12-22,Canadian Radio-television and Telecommunications Commission,2,0
2021-12-22,Global Affairs Canada,84,0
2021-12-22,Canada Revenue Agency,157,0
2021-12-22,Parks Canada,53,0
2021-12-22,Crown-Indigenous Relations and Northern Affairs Canada,31,0
2021-12-22,Department of Finance Canada,194,0
2021-12-22,Canadian Heritage,4,0
2021-12-22,Correctional Service of Canada,36,0
2021-12-22,Canada Energy Regulator,94,0
2021-12-22,Shared Services Canada,2,0
2021-12-22,Government of New Brunswick,20,0
2021-12-22,Public Service Commission of Canada,7,0
2021-12-22,National Film Board,53,0
2021-12-22,Canadian Grain Commission,2,0
2021-12-22,Elections Canada,32,0
2021-12-22,National Defence,18,0
2021-12-22,Western Economic Diversification Canada,5,0
2021-12-22,Canada Mortgage and Housing Corporation,5,0
2021-12-22,Privy Council Office,4,0
2021-12-22,Natural Sciences and Engineering Research Council of Canada,87,0
2021-12-22,Public Safety Canada,8,0
2021-12-22,Defence Research and Development Canada,1,0
2021-12-22,Federal Economic Development Agency for Southern Ontario,8,0
2021-12-22,Canadian Nuclear Safety Commission,4,0
2021-12-22,Canada Council for the Arts,1,0
2021-12-22,Canada Science and Technology Museum,9,0
2021-12-22,Social Sciences and Humanities Research Council of Canada,70,0
2021-12-22,Canada School of Public Service,10,0
2021-12-22,Courts Administration Service,2,0
2021-12-22,Atlantic Canada Opportunities Agency,5,0
2021-12-22,Canadian Intergovernmental Conference Secretariat,3,0
2021-12-22,International Development Research Centre,2,0
2021-12-22,Canadian Transportation Agency,2,0
2021-12-22,Royal Canadian Mounted Police,4,0
2021-12-22,Canadian Institute of Health Information,12,0
2021-12-22,Infrastructure Canada,11,0
2021-12-22,Status of Women Canada,4,0
2021-12-22,Library of Parliament,4,0
2021-12-23,Natural Resources Canada,18861,6484
2021-12-23,Public Health Agency of Canada,392,0
2021-12-23,Statistics Canada,5410,0
2021-12-23,Health Canada,395,0
2021-12-23,Government of Yukon,10,0
2021-12-23,Environment and Climate Change Canada,2338,16
2021-12-23,"Innovation, Science and Economic Development Canada",145,0
2021-12-23,Government of Alberta,347,82
2021-12-23,Government of Ontario,258,0
2021-12-23,Government and Municipalities of Québec,398,528
2021-12-23,Department of Justice Canada,1136,3
2021-12-23,Transportation Safety Board of Canada,323,0
2021-12-23,Employment and Social Development Canada,880,0
2021-12-23,Fisheries and Oceans Canada,216,8
2021-12-23,Treasury Board of Canada Secretariat,330,0
2021-12-23,Public Services and Procurement Canada,103,0
2021-12-23,Library and Archives Canada,3,0
2021-12-23,Agriculture and Agri-Food Canada,20,0
2021-12-23,Office of the Auditor General of Canada,48,0
2021-12-23,Canadian Space Agency,315,56
2021-12-23,Transport Canada,8,0
2021-12-23,Veterans Affairs Canada,1786,0
2021-12-23,Government of British Columbia,23,14
2021-12-23,National Research Council Canada,26,0
2021-12-23,Financial Transactions and Reports Analysis Centre of Canada,2,0
2021-12-23,"Immigration, Refugees and Citizenship Canada",837,0
2021-12-23,Parole Board of Canada,114,0
2021-12-23,Canadian Food Inspection Agency,140,0
2021-12-23,Canadian Radio-television and Telecommunications Commission,2,0
2021-12-23,Global Affairs Canada,84,0
2021-12-23,Canada Revenue Agency,157,0
2021-12-23,Parks Canada,53,0
2021-12-23,Crown-Indigenous Relations and Northern Affairs Canada,31,0
2021-12-23,Department of Finance Canada,194,0
2021-12-23,Canadian Heritage,4,0
2021-12-23,Correctional Service of Canada,36,0
2021-12-23,Canada Energy Regulator,94,0
2021-12-23,Shared Services Canada,2,0
2021-12-23,Government of New Brunswick,27,0
2021-12-23,Public Service Commission of Canada,7,0
2021-12-23,National Film Board,53,0
2021-12-23,Canadian Grain Commission,2,0
2021-12-23,Elections Canada,32,0
2021-12-23,National Defence,18,0
2021-12-23,Western Economic Diversification Canada,5,0
2021-12-23,Canada Mortgage and Housing Corporation,5,0
2021-12-23,Privy Council Office,4,0
2021-12-23,Natural Sciences and Engineering Research Council of Canada,87,0
2021-12-23,Public Safety Canada,8,0
2021-12-23,Defence Research and Development Canada,1,0
2021-12-23,Federal Economic Development Agency for Southern Ontario,8,0
2021-12-23,Canadian Nuclear Safety Commission,4,0
2021-12-23,Canada Council for the Arts,1,0
2021-12-23,Canada Science and Technology Museum,9,0
2021-12-23,Social Sciences and Humanities Research Council of Canada,70,0
2021-12-23,Canada School of Public Service,10,0
2021-12-23,Courts Administration Service,2,0
2021-12-23,Atlantic Canada Opportunities Agency,5,0
2021-12-23,Canadian Intergovernmental Conference Secretariat,3,0
2021-12-23,International Development Research Centre,2,0
2021-12-23,Canadian Transportation Agency,2,0
2021-12-23,Royal Canadian Mounted Police,4,0
2021-12-23,Canadian Institute of Health Information,12,0
2021-12-23,Infrastructure Canada,11,0
2021-12-23,Status of Women Canada,4,0
2021-12-23,Library of Parliament,4,0
2021-12-24,Natural Resources Canada,18861,6484
2021-12-24,Public Health Agency of Canada,392,0
2021-12-24,Statistics Canada,5410,0
2021-12-24,Health Canada,395,0
2021-12-24,Government of Yukon,10,0
2021-12-24,Environment and Climate Change Canada,2338,16
2021-12-24,"Innovation, Science and Economic Development Canada",146,0
2021-12-24,Government of Alberta,347,82
2021-12-24,Government of Ontario,258,0
2021-12-24,Government and Municipalities of Québec,398,528
2021-12-24,Department of Justice Canada,1136,3
2021-12-24,Transportation Safety Board of Canada,323,0
2021-12-24,Employment and Social Development Canada,880,0
2021-12-24,Fisheries and Oceans Canada,216,8
2021-12-24,Treasury Board of Canada Secretariat,330,0
2021-12-24,Public Services and Procurement Canada,103,0
2021-12-24,Library and Archives Canada,3,0
2021-12-24,Agriculture and Agri-Food Canada,20,0
2021-12-24,Office of the Auditor General of Canada,48,0
2021-12-24,Canadian Space Agency,315,56
2021-12-24,Transport Canada,8,0
2021-12-24,Veterans Affairs Canada,1786,0
2021-12-24,Government of British Columbia,23,14
2021-12-24,National Research Council Canada,26,0
2021-12-24,Financial Transactions and Reports Analysis Centre of Canada,2,0
2021-12-24,"Immigration, Refugees and Citizenship Canada",837,0
2021-12-24,Parole Board of Canada,114,0
2021-12-24,Canadian Food Inspection Agency,140,0
2021-12-24,Canadian Radio-television and Telecommunications Commission,2,0
2021-12-24,Global Affairs Canada,84,0
2021-12-24,Canada Revenue Agency,157,0
2021-12-24,Parks Canada,53,0
2021-12-24,Crown-Indigenous Relations and Northern Affairs Canada,31,0
2021-12-24,Department of Finance Canada,194,0
2021-12-24,Canadian Heritage,4,0
2021-12-24,Correctional Service of Canada,36,0
2021-12-24,Canada Energy Regulator,94,0
2021-12-24,Shared Services Canada,2,0
2021-12-24,Government of New Brunswick,27,0
2021-12-24,Public Service Commission of Canada,7,0
2021-12-24,National Film Board,53,0
2021-12-24,Canadian Grain Commission,2,0
2021-12-24,Elections Canada,32,0
2021-12-24,National Defence,18,0
2021-12-24,Western Economic Diversification Canada,5,0
2021-12-24,Canada Mortgage and Housing Corporation,5,0
2021-12-24,Privy Council Office,4,0
2021-12-24,Natural Sciences and Engineering Research Council of Canada,87,0
2021-12-24,Public Safety Canada,8,0
2021-12-24,Defence Research and Development Canada,1,0
2021-12-24,Federal Economic Development Agency for Southern Ontario,8,0
2021-12-24,Canadian Nuclear Safety Commission,4,0
2021-12-24,Canada Council for the Arts,1,0
2021-12-24,Canada Science and Technology Museum,9,0
2021-12-24,Social Sciences and Humanities Research Council of Canada,70,0
2021-12-24,Canada School of Public Service,10,0
2021-12-24,Courts Administration Service,2,0
2021-12-24,Atlantic Canada Opportunities Agency,5,0
2021-12-24,Canadian Intergovernmental Conference Secretariat,3,0
2021-12-24,International Development Research Centre,2,0
2021-12-24,Canadian Transportation Agency,2,0
2021-12-24,Royal Canadian Mounted Police,4,0
2021-12-24,Canadian Institute of Health Information,12,0
2021-12-24,Infrastructure Canada,11,0
2021-12-24,Status of Women Canada,4,0
2021-12-24,Library of Parliament,4,0
